{
  "game": "skiing",
  "canonical_policy_path": "scripts\\llm_optimization\\runs\\best_10000_steps\\skiing\\policy.py",
  "source_policy_path": "C:\\Users\\yuddh\\OneDrive\\Desktop\\Msc AI and ML\\SoSe 2025\\Practical Lab 2\\JAXAtari\\scripts\\llm_optimization\\runs\\single_game\\skiing_10000_corrected_20260427_1555\\policy_v1.py",
  "source": "runs/single_game/skiing_10000_corrected_20260427_1555",
  "avg_return_10000": -3537.875,
  "num_episodes": 32,
  "max_steps": 10000,
  "seed": 20260439,
  "best_params": {
    "dead_zone": 7.139161109924316,
    "ori_dead": 0.568771481513977,
    "steer_gain": 0.07937626540660858,
    "tree_danger_x": 19.85657501220703,
    "tree_danger_y": 20.838855743408203,
    "tuck_thresh": 3.619245767593384
  },
  "avg_player_score_10000": -3537.875,
  "avg_enemy_score_10000": 0.0,
  "win_rate_10000": 0.0,
  "min_return_10000": -3565.0,
  "max_return_10000": -3515.0,
  "std_return_10000": 15.078440735036233,
  "mean_per_1000_steps": -353.7875,
  "total_rewards_10000": [
    -3560.0,
    -3518.0,
    -3545.0,
    -3536.0,
    -3540.0,
    -3545.0,
    -3516.0,
    -3528.0,
    -3533.0,
    -3562.0,
    -3533.0,
    -3558.0,
    -3518.0,
    -3527.0,
    -3561.0,
    -3545.0,
    -3518.0,
    -3532.0,
    -3533.0,
    -3550.0,
    -3526.0,
    -3518.0,
    -3548.0,
    -3565.0,
    -3545.0,
    -3515.0,
    -3556.0,
    -3530.0,
    -3530.0,
    -3525.0,
    -3558.0,
    -3538.0
  ],
  "objective_note": "Optimizer-facing Skiing score corrects the local env terminal reward to penalize missed gates, while leaving JAXAtari game code unchanged."
}
