{
  "game": "breakout",
  "canonical_policy_path": "scripts\\llm_optimization\\runs\\best_10000_steps\\breakout\\policy.py",
  "source_policy_path": "C:\\Users\\yuddh\\OneDrive\\Desktop\\Msc AI and ML\\SoSe 2025\\Practical Lab 2\\JAXAtari\\scripts\\llm_optimization\\runs\\unified_suite\\unified_opus_freewayfix_notemp_20260426_195044\\breakout\\policy_v1.py",
  "source": "runs/unified_suite/unified_opus_freewayfix_notemp_20260426_195044",
  "avg_return_10000": 205.8125,
  "num_episodes": 32,
  "max_steps": 10000,
  "seed": 20260434,
  "best_params": {
    "dead_zone": 2.5613253116607666,
    "fire_bias": 0.8581287860870361,
    "lead": 0.09463681280612946,
    "urgency_y": 139.7843017578125
  },
  "avg_player_score_10000": 205.8125,
  "avg_enemy_score_10000": 0.0,
  "win_rate_10000": 1.0,
  "min_return_10000": 11.0,
  "max_return_10000": 428.0,
  "std_return_10000": 158.05051358268344,
  "mean_per_1000_steps": 20.58125,
  "total_rewards_10000": [
    411.0,
    235.0,
    55.0,
    334.0,
    19.0,
    58.0,
    28.0,
    109.0,
    71.0,
    11.0,
    410.0,
    24.0,
    414.0,
    113.0,
    83.0,
    410.0,
    225.0,
    421.0,
    403.0,
    411.0,
    13.0,
    325.0,
    124.0,
    57.0,
    124.0,
    24.0,
    276.0,
    62.0,
    410.0,
    428.0,
    172.0,
    326.0
  ]
}