{
  "best_score": 28.5,
  "seed": 0,
  "config": {
    "llm_provider": "anthropic",
    "llm_model": "claude-sonnet-4-6",
    "api_key": "<redacted>",
    "max_tokens": 8192,
    "temperature": 0.7,
    "num_parallel_envs": 16,
    "max_steps_per_episode": 10000,
    "num_eval_episodes": 32,
    "frame_stack_size": 0,
    "search_max_steps": 4000,
    "optimizer": "cma-es",
    "num_param_samples": 32,
    "param_perturbation_scale": 0.3,
    "cma_es_generations": 6,
    "max_iterations": 4,
    "target_score": 33.0,
    "output_dir": "scripts/llm_optimization/unified_prompt_main/freeway",
    "verbose": true,
    "save_intermediate": true,
    "seed": 0
  },
  "runtime": {
    "timestamp": "2026-04-07 18:46:21",
    "python_version": "3.12.8 (tags/v3.12.8:2dc476b, Dec  3 2024, 19:30:04) [MSC v.1942 64 bit (AMD64)]",
    "platform": "Windows-11-10.0.26200-SP0",
    "numpy_version": "1.26.4",
    "jax_version": "0.6.0",
    "git_commit": "ad5eccac197ebf0ab1cd5b29638aab8b8cb93893"
  },
  "best_params": {
    "aggression": 0.5796055793762207,
    "danger_lookahead": 0.8288146257400513,
    "danger_margin": 6.486285209655762,
    "lookahead": 0.029767096042633057,
    "safe_fraction": 0.49003130197525024,
    "safety_margin": 4.810780048370361
  },
  "best_metrics": {
    "avg_return": 28.5,
    "avg_player_score": 28.5,
    "avg_enemy_score": 0.0,
    "win_rate": 1.0,
    "total_rewards": [
      29.0,
      29.0,
      26.0,
      29.0,
      28.0,
      28.0,
      29.0,
      28.0,
      29.0,
      29.0,
      29.0,
      28.0,
      29.0,
      28.0,
      30.0,
      28.0,
      28.0,
      29.0,
      28.0,
      29.0,
      29.0,
      28.0,
      30.0,
      29.0,
      29.0,
      29.0,
      29.0,
      29.0,
      26.0,
      29.0,
      27.0,
      28.0
    ],
    "player_scores": [
      29.0,
      29.0,
      26.0,
      29.0,
      28.0,
      28.0,
      29.0,
      28.0,
      29.0,
      29.0,
      29.0,
      28.0,
      29.0,
      28.0,
      30.0,
      28.0,
      28.0,
      29.0,
      28.0,
      29.0,
      29.0,
      28.0,
      30.0,
      29.0,
      29.0,
      29.0,
      29.0,
      29.0,
      26.0,
      29.0,
      27.0,
      28.0
    ],
    "enemy_scores": [
      0.0,
      0.0,
      0.0,
      0.0,
      0.0,
      0.0,
      0.0,
      0.0,
      0.0,
      0.0,
      0.0,
      0.0,
      0.0,
      0.0,
      0.0,
      0.0,
      0.0,
      0.0,
      0.0,
      0.0,
      0.0,
      0.0,
      0.0,
      0.0,
      0.0,
      0.0,
      0.0,
      0.0,
      0.0,
      0.0,
      0.0,
      0.0
    ],
    "search_avg_return": 13.0625,
    "search_avg_player_score": 13.0625,
    "search_avg_enemy_score": 0.0,
    "search_win_rate": 1.0,
    "logger_metrics": {
      "crossings": 28.666666666666668,
      "collision_count": 26.0,
      "collision_rate": 0.47553310886644223,
      "avg_upward_progress": -8.171937566396992e-05,
      "total_upward_progress": 5614.0,
      "lane_transitions": 29.666666666666668,
      "lane_transition_rate": 0.0036360665114188832,
      "near_miss_count": 1054.0,
      "time_efficiency": 3.5135024717081342,
      "avg_crossing_time": 280.1584564860427,
      "min_crossing_time": 172.0,
      "hesitation_rate": 0.20603015075376885,
      "up_action_rate": 0.7939698492462312,
      "down_action_rate": 0.0,
      "episode_length": 8159.0,
      "min_y_reached": 16.0,
      "avg_y_position": 114.22743800302324
    }
  },
  "history": [
    {
      "iteration": 1,
      "metrics": {
        "avg_return": 22.625,
        "avg_player_score": 22.625,
        "avg_enemy_score": 0.0,
        "win_rate": 1.0,
        "search_avg_return": 11.0,
        "search_avg_player_score": 11.0,
        "search_avg_enemy_score": 0.0,
        "search_win_rate": 1.0,
        "logger_metrics": {
          "crossings": 24.0,
          "collision_count": 52.0,
          "collision_rate": 0.683048433048433,
          "avg_upward_progress": -4.085968783198496e-05,
          "total_upward_progress": 5378.666666666667,
          "lane_transitions": 25.0,
          "lane_transition_rate": 0.0030641009927687216,
          "near_miss_count": 1058.3333333333333,
          "time_efficiency": 2.941536953057973,
          "avg_crossing_time": 335.06465997770346,
          "min_crossing_time": 172.0,
          "hesitation_rate": 0.01397230052702537,
          "up_action_rate": 0.9860276994729746,
          "down_action_rate": 0.0,
          "episode_length": 8159.0,
          "min_y_reached": 16.0,
          "avg_y_position": 106.41990440004902
        }
      },
      "best_params": {
        "danger_lookahead": 1.2821329832077026,
        "danger_threshold": 7.963296890258789,
        "lookahead": 1.643244981765747,
        "safe_fraction": 0.5214560627937317,
        "safety_margin": 5.472343921661377,
        "up_bias": 0.4919454753398895
      },
      "filepath": "scripts\\llm_optimization\\unified_prompt_main\\freeway\\policy_v1.py"
    },
    {
      "iteration": 2,
      "metrics": {
        "avg_return": 24.40625,
        "avg_player_score": 24.40625,
        "avg_enemy_score": 0.0,
        "win_rate": 1.0,
        "search_avg_return": 11.8125,
        "search_avg_player_score": 11.8125,
        "search_avg_enemy_score": 0.0,
        "search_win_rate": 1.0,
        "logger_metrics": {
          "crossings": 25.333333333333332,
          "collision_count": 28.666666666666668,
          "collision_rate": 0.5303242509124861,
          "avg_upward_progress": -4.085968783198496e-05,
          "total_upward_progress": 5114.666666666667,
          "lane_transitions": 26.333333333333332,
          "lane_transition_rate": 0.0032275197123830535,
          "near_miss_count": 1036.6666666666667,
          "time_efficiency": 3.1049556726723044,
          "avg_crossing_time": 306.5517948717949,
          "min_crossing_time": 180.0,
          "hesitation_rate": 0.25534174939739346,
          "up_action_rate": 0.7446582506026065,
          "down_action_rate": 0.0,
          "episode_length": 8159.0,
          "min_y_reached": 16.0,
          "avg_y_position": 111.47048249376967
        }
      },
      "best_params": {
        "danger_lookahead": 0.14923876523971558,
        "danger_margin": 7.560764789581299,
        "lookahead": 1.392385721206665,
        "proximity": 12.415992736816406,
        "safe_fraction": 0.39127373695373535,
        "safety_margin": 4.188594818115234
      },
      "filepath": "scripts\\llm_optimization\\unified_prompt_main\\freeway\\policy_v2.py"
    },
    {
      "iteration": 3,
      "metrics": {
        "avg_return": 21.9375,
        "avg_player_score": 21.9375,
        "avg_enemy_score": 0.0,
        "win_rate": 1.0,
        "search_avg_return": 11.1875,
        "search_avg_player_score": 11.1875,
        "search_avg_enemy_score": 0.0,
        "search_win_rate": 1.0
      },
      "best_params": {
        "danger_lookahead": 0.1453843116760254,
        "danger_margin": 6.655189037322998,
        "lookahead": 2.4273128509521484,
        "proximity": 8.625142097473145,
        "safe_fraction": 0.9700955748558044,
        "safety_margin": 4.428341865539551
      },
      "filepath": "scripts\\llm_optimization\\unified_prompt_main\\freeway\\policy_v3.py"
    },
    {
      "iteration": 4,
      "metrics": {
        "avg_return": 28.5,
        "avg_player_score": 28.5,
        "avg_enemy_score": 0.0,
        "win_rate": 1.0,
        "search_avg_return": 13.0625,
        "search_avg_player_score": 13.0625,
        "search_avg_enemy_score": 0.0,
        "search_win_rate": 1.0,
        "logger_metrics": {
          "crossings": 28.666666666666668,
          "collision_count": 26.0,
          "collision_rate": 0.47553310886644223,
          "avg_upward_progress": -8.171937566396992e-05,
          "total_upward_progress": 5614.0,
          "lane_transitions": 29.666666666666668,
          "lane_transition_rate": 0.0036360665114188832,
          "near_miss_count": 1054.0,