{
  "best_score": 1646.875,
  "seed": 9952,
  "config": {
    "llm_provider": "anthropic",
    "llm_model": "claude-opus-4-7",
    "api_key": "<redacted>",
    "max_tokens": 8192,
    "temperature": null,
    "num_parallel_envs": 8,
    "max_steps_per_episode": 4000,
    "num_eval_episodes": 16,
    "frame_stack_size": 0,
    "search_max_steps": 2000,
    "optimizer": "cma-es",
    "num_param_samples": 16,
    "param_perturbation_scale": 0.3,
    "cma_es_generations": 4,
    "max_iterations": 5,
    "target_score": 1000000000.0,
    "diagnostic_refinement": true,
    "resume_from_results": false,
    "resume_best_params_for_cma": true,
    "refresh_resume_metrics": true,
    "stop_on_strong_best": false,
    "output_dir": "scripts\\llm_optimization\\runs\\unified_suite\\unified_opus_freewayfix_notemp_20260426_195044\\asterix",
    "verbose": true,
    "save_intermediate": true,
    "seed": 9952
  },
  "runtime": {
    "timestamp": "2026-04-26 20:46:29",
    "python_version": "3.12.8 (tags/v3.12.8:2dc476b, Dec  3 2024, 19:30:04) [MSC v.1942 64 bit (AMD64)]",
    "platform": "Windows-11-10.0.26200-SP0",
    "numpy_version": "1.26.4",
    "jax_version": "0.6.0",
    "git_commit": "0e949a9cca8e23eacac343f1c2272d333138b19f"
  },
  "best_params": {
    "danger_radius": 26.229570388793945,
    "danger_weight": 2.3097736835479736,
    "intercept_penalty": 0.2331085503101349,
    "lane_dist_penalty": 14.997025489807129,
    "safe_threshold": 40.595794677734375,
    "switch_bonus": 8.597784042358398,
    "value_weight": 1.8889856338500977
  },
  "best_metrics": {
    "avg_return": 1646.875,
    "avg_player_score": 1646.875,
    "avg_enemy_score": 0.0,
    "win_rate": 1.0,
    "total_rewards": [
      1550.0,
      2200.0,
      850.0,
      1750.0,
      1650.0,
      2100.0,
      750.0,
      2000.0,
      1650.0,
      2100.0,
      1450.0,
      1800.0,
      1650.0,
      700.0,
      1950.0,
      2200.0
    ],
    "player_scores": [
      1550.0,
      2200.0,
      850.0,
      1750.0,
      1650.0,
      2100.0,
      750.0,
      2000.0,
      1650.0,
      2100.0,
      1450.0,
      1800.0,
      1650.0,
      700.0,
      1950.0,
      2200.0
    ],
    "enemy_scores": [
      0.0,
      0.0,
      0.0,
      0.0,
      0.0,
      0.0,
      0.0,
      0.0,
      0.0,
      0.0,
      0.0,
      0.0,
      0.0,
      0.0,
      0.0,
      0.0
    ],
    "search_avg_return": 1118.75,
    "search_avg_player_score": 1118.75,
    "search_avg_enemy_score": 0.0,
    "search_win_rate": 1.0,
    "logger_metrics": {
      "final_score": 1683.3333333333333,
      "lives_remaining": 0.0,
      "hits_taken": 3.0,
      "terminal_game_over": 1.0,
      "item_pickups": 33.666666666666664,
      "item_pickup_rate_per_1000": 9.956304721951243,
      "score_rate_per_1000": 497.81523609756215,
      "hit_rate_per_1000": 0.8899656619667912,
      "hit_diagonal_fraction": 1.0,
      "hit_horizontal_fraction": 0.0,
      "respawn_rate": 0.07119725295734329,
      "episode_length": 3376.3333333333335,
      "avg_collectibles_visible": 0.5614054321752716,
      "avg_hit_lane_index": 3.0,
      "avg_hit_enemy_gap": 41.0,
      "topmost_stage_index": 0.0,
      "bottommost_stage_index": 7.0,
      "max_stage_reached": 7.0,
      "avg_stage_index": 3.534113832973771,
      "min_y_reached": 27.0,
      "noop_rate": 0.0,
      "vertical_rate": 0.0,
      "horizontal_rate": 0.8508831729149394,
      "diagonal_rate": 0.14911682708506055
    }
  },
  "history": [
    {
      "iteration": 1,
      "metrics": {
        "avg_return": 1328.125,
        "avg_player_score": 1328.125,
        "avg_enemy_score": 0.0,
        "win_rate": 1.0,
        "search_avg_return": 1156.25,
        "search_avg_player_score": 1156.25,
        "search_avg_enemy_score": 0.0,
        "search_win_rate": 1.0,
        "logger_metrics": {
          "final_score": 1616.6666666666667,
          "lives_remaining": 0.6666666666666666,
          "hits_taken": 2.3333333333333335,
          "terminal_game_over": 0.6666666666666666,
          "item_pickups": 32.333333333333336,
          "item_pickup_rate_per_1000": 9.35748659811532,
          "score_rate_per_1000": 467.87432990576605,
          "hit_rate_per_1000": 0.7225764109541816,
          "hit_diagonal_fraction": 1.0,
          "hit_horizontal_fraction": 0.0,
          "respawn_rate": 0.06113944620966786,
          "episode_length": 3428.6666666666665,
          "avg_collectibles_visible": 0.5319490586011804,
          "avg_hit_lane_index": 2.0,
          "avg_hit_enemy_gap": 31.555555555555557,
          "topmost_stage_index": 0.0,
          "bottommost_stage_index": 7.0,
          "max_stage_reached": 7.0,
          "avg_stage_index": 2.793447215328275,
          "min_y_reached": 27.0,
          "noop_rate": 0.0,
          "vertical_rate": 0.0,
          "horizontal_rate": 0.8451519751011126,
          "diagonal_rate": 0.15484802489888735
        }
      },
      "best_params": {
        "danger_radius": 25.209314346313477,
        "danger_weight": 2.278055429458618,
        "intercept_penalty": 0.502372682094574,
        "lane_dist_penalty": 14.770901679992676,
        "safe_threshold": 40.5380744934082,
        "switch_bonus": 8.284049987792969,
        "value_weight": 1.167771816253662
      },
      "filepath": "scripts\\llm_optimization\\runs\\unified_suite\\unified_opus_freewayfix_notemp_20260426_195044\\asterix\\policy_v1.py"
    },
    {
      "iteration": 2,
      "metrics": {
        "avg_return": 1646.875,
        "avg_player_score": 1646.875,
        "avg_enemy_score": 0.0,
        "win_rate": 1.0,
        "search_avg_return": 1118.75,
        "search_avg_player_score": 1118.75,
        "search_avg_enemy_score": 0.0,
        "search_win_rate": 1.0,
        "logger_metrics": {
          "final_score": 1683.3333333333333,
          "lives_remaining": 0.0,
          "hits_taken": 3.0,
          "terminal_game_over": 1.0,
          "item_pickups": 33.666666666666664,
          "item_pickup_rate_per_1000": 9.956304721951243,
          "score_rate_per_1000": 497.81523609756215,
          "hit_rate_per_1000": 0.8899656619667912,
          "hit_diagonal_fraction": 1.0,
          "hit_horizontal_fraction": 0.0,
          "respawn_rate": 0.07119725295734329,
          "episode_length": 3376.3333333333335,
          "avg_collectibles_visible": 0.5614054321752716,
          "avg_hit_lane_index": 3.0,
          "avg_hit_enemy_gap": 41.0,
          "topmost_stage_index": 0.0,
          "bottommost_stage_index": 7.0,
          "max_stage_reached": 7.0,
          "avg_stage_index": 3.534113832973771,
          "min_y_reached": 27.0,
          "noop_rate": 0.0,
          "vertical_rate": 0.0,
          "horizontal_rate": 0.8508831729149394,
          "diagonal_rate": 0.14911682708506055
        }
      },
      "best_params": {
        "danger_radius": 26.229570388793945,
        "danger_weight": 2.3097736835479736,
        "intercept_penalty": 0.2331085503101349,
        "lane_dist_penalty": 14.997025489807129,
        "safe_threshold": 40.595794677734375,
        "switch_bonus": 8.597784042358398,
        "value_weight": 1.8889856338500977
      },
      "filepath": "scripts\\llm_optimization\\runs\\unified_suite\\unified_opus_freewayfix_notemp_20260426_195044\\asterix\\policy_v2.py"
    },
    {
      "iteration": 3,
      "metrics": {
        "avg_return": 1493.75,
        "avg_player_score": 1493.75,
        "avg_enemy_score": 0.0,
        "win_rate": 1.0,
        "search_avg_return": 1118.75,
        "search_avg_player_score": 1118.75,
        "search_avg_enemy_score": 0.0,
        "search_win_rate": 1.0
      },
      "best_params": {
        "danger_radius": 26.292133331298828,
        "danger_weight": 2.6135342121124268,
        "intercept_penalty": 0.24570390582084656,
        "lane_dist_penalty": 14.981184005737305,
        "safe_threshold": 40.56650161743164,
        "switch_bonus": 8.508976936340332,