{
  "best_score": 1871.875,
  "seed": 20260482,
  "config": {
    "llm_provider": "anthropic",
    "llm_model": "claude-opus-4-7",
    "api_key": "<redacted>",
    "max_tokens": 8192,
    "temperature": null,
    "num_parallel_envs": 8,
    "max_steps_per_episode": 10000,
    "num_eval_episodes": 16,
    "frame_stack_size": 0,
    "search_max_steps": 10000,
    "optimizer": "cma-es",
    "num_param_samples": 16,
    "param_perturbation_scale": 0.3,
    "cma_es_generations": 5,
    "max_iterations": 5,
    "target_score": 1000000000.0,
    "diagnostic_refinement": true,
    "resume_from_results": false,
    "resume_best_params_for_cma": true,
    "refresh_resume_metrics": true,
    "stop_on_strong_best": false,
    "output_dir": "scripts/llm_optimization/runs/unified_suite/rq1_seeded_20260428_s20260480/asterix",
    "verbose": true,
    "save_intermediate": true,
    "seed": 20260482
  },
  "runtime": {
    "timestamp": "2026-04-28 17:32:21",
    "python_version": "3.12.7 (v3.12.7:0b05ead877f, Sep 30 2024, 23:18:00) [Clang 13.0.0 (clang-1300.0.29.30)]",
    "platform": "macOS-26.2-arm64-arm-64bit",
    "numpy_version": "2.4.4",
    "jax_version": "0.10.0",
    "git_commit": "4a89eee554f2005fdb40a0c1292a3ba80bc87ffe"
  },
  "best_params": {
    "danger_radius": 24.817129135131836,
    "danger_thresh": 0.7148542404174805,
    "danger_w": 1.4014991521835327,
    "intercept_w": 0.9585233330726624,
    "lane_dist_w": 40.09010314941406,
    "switch_bias": 14.688735961914062,
    "value_w": 0.6167775988578796
  },
  "best_metrics": {
    "avg_return": 1871.875,
    "avg_player_score": 1871.875,
    "avg_enemy_score": 0.0,
    "win_rate": 1.0,
    "total_rewards": [
      2600.0,
      2600.0,
      1900.0,
      2450.0,
      1450.0,
      1600.0,
      2200.0,
      300.0,
      1650.0,
      1800.0,
      3800.0,
      1850.0,
      1650.0,
      2250.0,
      950.0,
      900.0
    ],
    "player_scores": [
      2600.0,
      2600.0,
      1900.0,
      2450.0,
      1450.0,
      1600.0,
      2200.0,
      300.0,
      1650.0,
      1800.0,
      3800.0,
      1850.0,
      1650.0,
      2250.0,
      950.0,
      900.0
    ],
    "enemy_scores": [
      0.0,
      0.0,
      0.0,
      0.0,
      0.0,
      0.0,
      0.0,
      0.0,
      0.0,
      0.0,
      0.0,
      0.0,
      0.0,
      0.0,
      0.0,
      0.0
    ],
    "search_avg_return": 2656.25,
    "search_avg_player_score": 2656.25,
    "search_avg_enemy_score": 0.0,
    "search_win_rate": 1.0,
    "logger_metrics": {
      "final_score": 2950.0,
      "lives_remaining": 0.0,
      "hits_taken": 3.0,
      "terminal_game_over": 1.0,
      "item_pickups": 47.0,
      "item_pickup_rate_per_1000": 9.256657672501852,
      "score_rate_per_1000": 540.7448431108737,
      "hit_rate_per_1000": 1.1929264549794683,
      "hit_diagonal_fraction": 0.7777777777777778,
      "hit_horizontal_fraction": 0.2222222222222222,
      "respawn_rate": 0.09543411639835746,
      "episode_length": 4562.0,
      "avg_collectibles_visible": 0.49007365976467815,
      "avg_hit_lane_index": 4.111111111111112,
      "avg_hit_enemy_gap": 12.333333333333334,
      "topmost_stage_index": 0.0,
      "bottommost_stage_index": 7.0,
      "max_stage_reached": 7.0,
      "avg_stage_index": 3.328129297580182,
      "min_y_reached": 27.0,
      "noop_rate": 0.0,
      "vertical_rate": 0.0,
      "horizontal_rate": 0.8349265671756485,
      "diagonal_rate": 0.1650734328243514
    }
  },
  "history": [
    {
      "iteration": 1,
      "metrics": {
        "avg_return": 1331.25,
        "avg_player_score": 1331.25,
        "avg_enemy_score": 0.0,
        "win_rate": 1.0,
        "search_avg_return": 1875.0,
        "search_avg_player_score": 1875.0,
        "search_avg_enemy_score": 0.0,
        "search_win_rate": 1.0,
        "logger_metrics": {
          "final_score": 900.0,
          "lives_remaining": 0.0,
          "hits_taken": 3.0,
          "terminal_game_over": 1.0,
          "item_pickups": 18.0,
          "item_pickup_rate_per_1000": 8.894504191335683,
          "score_rate_per_1000": 444.7252095667841,
          "hit_rate_per_1000": 1.6316110295382595,
          "hit_diagonal_fraction": 0.6666666666666666,
          "hit_horizontal_fraction": 0.3333333333333333,
          "respawn_rate": 0.1305288823630608,
          "episode_length": 2014.0,
          "avg_collectibles_visible": 0.426773474659734,
          "avg_hit_lane_index": 2.777777777777778,
          "avg_hit_enemy_gap": 8.222222222222221,
          "topmost_stage_index": 0.0,
          "bottommost_stage_index": 7.0,
          "max_stage_reached": 7.0,
          "avg_stage_index": 3.0250265956814304,
          "min_y_reached": 27.0,
          "noop_rate": 0.0,
          "vertical_rate": 0.0,
          "horizontal_rate": 0.839957385246516,
          "diagonal_rate": 0.16004261475348414
        }
      },
      "best_params": {
        "danger_radius": 25.03434944152832,
        "danger_thresh": 0.880425214767456,
        "danger_w": 1.4748097658157349,
        "intercept_w": 0.777155876159668,
        "lane_dist_w": 39.947689056396484,
        "switch_bias": 15.115687370300293,
        "value_w": 0.7041869163513184
      },
      "filepath": "scripts/llm_optimization/runs/unified_suite/rq1_seeded_20260428_s20260480/asterix/policy_v1.py"
    },
    {
      "iteration": 2,
      "metrics": {
        "avg_return": 1696.875,
        "avg_player_score": 1696.875,
        "avg_enemy_score": 0.0,
        "win_rate": 1.0,
        "search_avg_return": 2612.5,
        "search_avg_player_score": 2612.5,
        "search_avg_enemy_score": 0.0,
        "search_win_rate": 1.0,
        "logger_metrics": {
          "final_score": 1200.0,
          "lives_remaining": 0.0,
          "hits_taken": 3.0,
          "terminal_game_over": 1.0,
          "item_pickups": 24.0,
          "item_pickup_rate_per_1000": 8.678781339367768,
          "score_rate_per_1000": 433.9390669683885,
          "hit_rate_per_1000": 1.1544467255143485,
          "hit_diagonal_fraction": 0.7777777777777777,
          "hit_horizontal_fraction": 0.2222222222222222,
          "respawn_rate": 0.09235573804114787,
          "episode_length": 2674.0,
          "avg_collectibles_visible": 0.5734484470271944,
          "avg_hit_lane_index": 2.555555555555556,
          "avg_hit_enemy_gap": 3.5555555555555554,
          "topmost_stage_index": 0.0,
          "bottommost_stage_index": 7.0,
          "max_stage_reached": 7.0,
          "avg_stage_index": 3.7030222283919936,
          "min_y_reached": 27.0,
          "noop_rate": 0.0,
          "vertical_rate": 0.0,
          "horizontal_rate": 0.7953428663589069,
          "diagonal_rate": 0.20465713364109306
        }
      },
      "best_params": {
        "danger_radius": 25.15350914001465,
        "danger_thresh": 0.5296979546546936,
        "danger_w": 1.7041740417480469,
        "intercept_w": 0.8705025315284729,
        "lane_dist_w": 39.39794921875,
        "switch_bias": 14.665373802185059,
        "value_w": 0.6186783313751221
      },
      "filepath": "scripts/llm_optimization/runs/unified_suite/rq1_seeded_20260428_s20260480/asterix/policy_v2.py"
    },
    {
      "iteration": 3,
      "metrics": {
        "avg_return": 1171.875,
        "avg_player_score": 1171.875,
        "avg_enemy_score": 0.0,
        "win_rate": 1.0,
        "search_avg_return": 1600.0,
        "search_avg_player_score": 1600.0,
        "search_avg_enemy_score": 0.0,
        "search_win_rate": 1.0
      },
      "best_params": {
        "danger_radius": 25.54147720336914,
        "danger_thresh": 0.8431718945503235,
        "danger_w": 1.5701848268508911,
        "intercept_w": 0.9257804155349731,
        "lane_dist_w": 39.36976623535156,
        "switch_bias": 15.057106971740723,
        "value_w": 0.6529572010040283
      },
      "filepath": "scripts/llm_optimization/runs/unified_suite/rq1_seeded_20260428_s20260480/asterix/policy_v3.py"
    },
    {
      "iteration": 4,