{
  "best_score": -3716.25,
  "seed": 20260484,
  "config": {
    "llm_provider": "anthropic",
    "llm_model": "claude-opus-4-7",
    "api_key": "<redacted>",
    "max_tokens": 8192,
    "temperature": null,
    "num_parallel_envs": 8,
    "max_steps_per_episode": 10000,
    "num_eval_episodes": 16,
    "frame_stack_size": 0,
    "search_max_steps": 10000,
    "optimizer": "cma-es",
    "num_param_samples": 16,
    "param_perturbation_scale": 0.3,
    "cma_es_generations": 5,
    "max_iterations": 5,
    "target_score": 1000000000.0,
    "diagnostic_refinement": true,
    "resume_from_results": false,
    "resume_best_params_for_cma": true,
    "refresh_resume_metrics": true,
    "stop_on_strong_best": false,
    "output_dir": "scripts/llm_optimization/runs/unified_suite/rq1_seeded_20260428_s20260480/skiing",
    "verbose": true,
    "save_intermediate": true,
    "seed": 20260484
  },
  "runtime": {
    "timestamp": "2026-04-28 20:18:27",
    "python_version": "3.12.7 (v3.12.7:0b05ead877f, Sep 30 2024, 23:18:00) [Clang 13.0.0 (clang-1300.0.29.30)]",
    "platform": "macOS-26.2-arm64-arm-64bit",
    "numpy_version": "2.4.4",
    "jax_version": "0.10.0",
    "git_commit": "4a89eee554f2005fdb40a0c1292a3ba80bc87ffe"
  },
  "best_params": {
    "heading_dead": 5.202322006225586,
    "heading_gain": 2.177882671356201,
    "max_heading": 28.902746200561523,
    "tree_danger_y": 28.51253318786621,
    "tree_shift": 27.488304138183594,
    "tuck_angle": 9.583528518676758
  },
  "best_metrics": {
    "avg_return": -3716.25,
    "avg_player_score": -3716.25,
    "avg_enemy_score": 0.0,
    "win_rate": 0.0,
    "total_rewards": [
      -4117.0,
      -3653.0,
      -3665.0,
      -3643.0,
      -3667.0,
      -3643.0,
      -3642.0,
      -3657.0,
      -3625.0,
      -3642.0,
      -3638.0,
      -3522.0,
      -4143.0,
      -3658.0,
      -3653.0,
      -3892.0
    ],
    "player_scores": [
      -4117.0,
      -3653.0,
      -3665.0,
      -3643.0,
      -3667.0,
      -3643.0,
      -3642.0,
      -3657.0,
      -3625.0,
      -3642.0,
      -3638.0,
      -3522.0,
      -4143.0,
      -3658.0,
      -3653.0,
      -3892.0
    ],
    "enemy_scores": [
      0.0,
      0.0,
      0.0,
      0.0,
      0.0,
      0.0,
      0.0,
      0.0,
      0.0,
      0.0,
      0.0,
      0.0,
      0.0,
      0.0,
      0.0,
      0.0
    ],
    "search_avg_return": -3647.75,
    "search_avg_player_score": -3647.75,
    "search_avg_enemy_score": 0.0,
    "search_win_rate": 0.0,
    "logger_metrics": {
      "gates_passed": 20.0,
      "missed_gates": 0.0,
      "gates_seen": 19.0,
      "gate_pass_rate": 1.0,
      "collision_count": 1.3333333333333333,
      "tree_collisions": 0.0,
      "mogul_collisions": 0.0,
      "flag_collisions": 1.3333333333333333,
      "average_gate_center_error": 12.050123186570005,
      "average_speed_y": 1.1402155579733704,
      "reward_total": -13679.666666666666,
      "noop_rate": 0.5984103858682476,
      "right_action_rate": 0.2176200919470441,
      "left_action_rate": 0.18396952218470838,
      "fire_action_rate": 0.0,
      "down_action_rate": 0.0,
      "turn_rate": 0.4015896141317525,
      "average_steps": 2208.6666666666665
    }
  },
  "history": [
    {
      "iteration": 1,
      "metrics": {
        "avg_return": -9061.8125,
        "avg_player_score": -9061.8125,
        "avg_enemy_score": 0.0,
        "win_rate": 0.0,
        "search_avg_return": -8985.625,
        "search_avg_player_score": -8985.625,
        "search_avg_enemy_score": 0.0,
        "search_win_rate": 0.0,
        "logger_metrics": {
          "gates_passed": 9.0,
          "missed_gates": 11.0,
          "gates_seen": 19.0,
          "gate_pass_rate": 0.47368421052631576,
          "collision_count": 0.6666666666666666,
          "tree_collisions": 0.0,
          "mogul_collisions": 0.0,
          "flag_collisions": 0.6666666666666666,
          "average_gate_center_error": 22.04109212430673,
          "average_speed_y": 1.1708032370005557,
          "reward_total": -8088.0,
          "noop_rate": 0.0,
          "right_action_rate": 0.134472084940395,
          "left_action_rate": 0.11659877432803291,
          "fire_action_rate": 0.0,
          "down_action_rate": 0.7489291407315721,
          "turn_rate": 0.2510708592684279,
          "average_steps": 2154.0
        }
      },
      "best_params": {
        "dead_zone": 5.6496901512146,
        "lookahead": 0.6054643988609314,
        "tree_danger_x": 20.28070831298828,
        "tree_danger_y": 19.961750030517578,
        "tuck_bias": 0.7999355792999268,
        "turn_release": 1.7673765420913696
      },
      "filepath": "scripts/llm_optimization/runs/unified_suite/rq1_seeded_20260428_s20260480/skiing/policy_v1.py"
    },
    {
      "iteration": 2,
      "metrics": {
        "avg_return": -3716.25,
        "avg_player_score": -3716.25,
        "avg_enemy_score": 0.0,
        "win_rate": 0.0,
        "search_avg_return": -3647.75,
        "search_avg_player_score": -3647.75,
        "search_avg_enemy_score": 0.0,
        "search_win_rate": 0.0,
        "logger_metrics": {
          "gates_passed": 20.0,
          "missed_gates": 0.0,
          "gates_seen": 19.0,
          "gate_pass_rate": 1.0,
          "collision_count": 1.3333333333333333,
          "tree_collisions": 0.0,
          "mogul_collisions": 0.0,
          "flag_collisions": 1.3333333333333333,
          "average_gate_center_error": 12.050123186570005,
          "average_speed_y": 1.1402155579733704,
          "reward_total": -13679.666666666666,
          "noop_rate": 0.5984103858682476,
          "right_action_rate": 0.2176200919470441,
          "left_action_rate": 0.18396952218470838,
          "fire_action_rate": 0.0,
          "down_action_rate": 0.0,
          "turn_rate": 0.4015896141317525,
          "average_steps": 2208.6666666666665
        }
      },
      "best_params": {
        "heading_dead": 5.202322006225586,
        "heading_gain": 2.177882671356201,
        "max_heading": 28.902746200561523,
        "tree_danger_y": 28.51253318786621,
        "tree_shift": 27.488304138183594,
        "tuck_angle": 9.583528518676758
      },
      "filepath": "scripts/llm_optimization/runs/unified_suite/rq1_seeded_20260428_s20260480/skiing/policy_v2.py"
    },
    {
      "iteration": 3,
      "metrics": {
        "avg_return": -9014.0,
        "avg_player_score": -9014.0,
        "avg_enemy_score": 0.0,
        "win_rate": 0.0,
        "search_avg_return": -8871.375,
        "search_avg_player_score": -8871.375,
        "search_avg_enemy_score": 0.0,
        "search_win_rate": 0.0
      },
      "best_params": {
        "commit_y": 13.594441413879395,
        "heading_dead": 11.888611793518066,
        "heading_gain": 0.7120143175125122,
        "max_heading": 22.01749038696289,
        "tree_danger_y": 19.961307525634766,
        "tree_shift": 18.1600399017334
      },
      "filepath": "scripts/llm_optimization/runs/unified_suite/rq1_seeded_20260428_s20260480/skiing/policy_v3.py"
    },
    {
      "iteration": 4,
      "metrics": {
        "avg_return": -9204.3125,
        "avg_player_score": -9204.3125,
        "avg_enemy_score": 0.0,
        "win_rate": 0.0,
        "search_avg_return": -8857.375,
        "search_avg_player_score": -8857.375,
        "search_avg_enemy_score": 0.0,
        "search_win_rate": 0.0
      },
      "best_params": {
        "down_angle": 25.243989944458008,
        "err_dead": 4.674905776977539,
        "heading_dead": 12.040626525878906,
        "heading_gain": 0.3625907301902771,
        "max_heading": 22.7120361328125,
        "tree_danger_y": 29.847591400146484,
        "tree_shift": 12.365864753723145
      },
      "filepath": "scripts/llm_optimization/runs/unified_suite/rq1_seeded_20260428_s20260480/skiing/policy_v4.py"
    },
    {
      "iteration": 5,
      "metrics": {
        "avg_return": -8998.25,
        "avg_player_score": -8998.25,
        "avg_enemy_score": 0.0,