{
  "best_score": 18.28125,
  "seed": 0,
  "config": {
    "llm_provider": "anthropic",
    "llm_model": "claude-sonnet-4-6",
    "api_key": "<redacted>",
    "max_tokens": 8192,
    "temperature": 0.7,
    "num_parallel_envs": 16,
    "max_steps_per_episode": 10000,
    "num_eval_episodes": 32,
    "frame_stack_size": 0,
    "search_max_steps": 4000,
    "optimizer": "cma-es",
    "num_param_samples": 32,
    "param_perturbation_scale": 0.3,
    "cma_es_generations": 6,
    "max_iterations": 4,
    "target_score": 21.0,
    "output_dir": "scripts/llm_optimization/unified_prompt_main/pong",
    "verbose": true,
    "save_intermediate": true,
    "seed": 0
  },
  "runtime": {
    "timestamp": "2026-04-07 21:34:46",
    "python_version": "3.12.8 (tags/v3.12.8:2dc476b, Dec  3 2024, 19:30:04) [MSC v.1942 64 bit (AMD64)]",
    "platform": "Windows-11-10.0.26200-SP0",
    "numpy_version": "1.26.4",
    "jax_version": "0.6.0",
    "git_commit": "ad5eccac197ebf0ab1cd5b29638aab8b8cb93893"
  },
  "best_params": {
    "center_bias": 0.19441956281661987,
    "dead_zone": -3.4289588928222656,
    "fire_threshold": 43.32945251464844,
    "intercept_scale": 17.545351028442383,
    "offset_bias": -3.9426071643829346
  },
  "best_metrics": {
    "avg_return": 18.28125,
    "avg_player_score": 21.0,
    "avg_enemy_score": 2.71875,
    "win_rate": 1.0,
    "total_rewards": [
      16.0,
      16.0,
      20.0,
      19.0,
      21.0,
      20.0,
      20.0,
      20.0,
      19.0,
      18.0,
      19.0,
      18.0,
      16.0,
      18.0,
      17.0,
      21.0,
      15.0,
      20.0,
      20.0,
      17.0,
      21.0,
      21.0,
      18.0,
      17.0,
      18.0,
      18.0,
      19.0,
      14.0,
      17.0,
      16.0,
      20.0,
      16.0
    ],
    "player_scores": [
      21,
      21,
      21,
      21,
      21,
      21,
      21,
      21,
      21,
      21,
      21,
      21,
      21,
      21,
      21,
      21,
      21,
      21,
      21,
      21,
      21,
      21,
      21,
      21,
      21,
      21,
      21,
      21,
      21,
      21,
      21,
      21
    ],
    "enemy_scores": [
      5,
      5,
      1,
      2,
      0,
      1,
      1,
      1,
      2,
      3,
      2,
      3,
      5,
      3,
      4,
      0,
      6,
      1,
      1,
      4,
      0,
      0,
      3,
      4,
      3,
      3,
      2,
      7,
      4,
      5,
      1,
      5
    ],
    "search_avg_return": 9.1875,
    "search_avg_player_score": 10.5,
    "search_avg_enemy_score": 1.3125,
    "search_win_rate": 1.0,
    "logger_metrics": {
      "win_rate": 0.8277216610549943,
      "points_won": 20.0,
      "points_lost": 4.333333333333333,
      "avg_ball_tracking_error": 20.516493959994513,
      "max_ball_tracking_error": 93.66666666666667,
      "total_paddle_movement": 16120.666666666666,
      "avg_paddle_movement": 1.9076007719048917,
      "paddle_jitter_count": 0.0,
      "avg_rally_length": 333.27356902356905,
      "max_rally_length": 572.6666666666666,
      "avg_reaction_time": 14.912411929742282,
      "interception_rate": 0.38879843535906305,
      "episode_length": 8455.666666666666
    }
  },
  "history": [
    {
      "iteration": 1,
      "metrics": {
        "avg_return": -21.0,
        "avg_player_score": 0.0,
        "avg_enemy_score": 21.0,
        "win_rate": 0.0,
        "search_avg_return": -21.0,
        "search_avg_player_score": 0.0,
        "search_avg_enemy_score": 21.0,
        "search_win_rate": 0.0,
        "logger_metrics": {
          "win_rate": 0.0,
          "points_won": 0.0,
          "points_lost": 20.0,
          "avg_ball_tracking_error": 69.92924267551133,
          "max_ball_tracking_error": 160.33333333333334,
          "total_paddle_movement": 5118.0,
          "avg_paddle_movement": 1.6980756469807563,
          "paddle_jitter_count": 0.0,
          "avg_rally_length": 143.85,
          "max_rally_length": 255.0,
          "avg_reaction_time": 17.666666666666668,
          "interception_rate": 0.004409171075837742,
          "episode_length": 3015.0
        }
      },
      "best_params": {
        "approach_bias": -0.07724329829216003,
        "dead_zone": 2.879518747329712,
        "fire_threshold": 29.663591384887695,
        "intercept_scale": 20.263513565063477,
        "offset_bias": 3.741473436355591
      },
      "filepath": "scripts\\llm_optimization\\unified_prompt_main\\pong\\policy_v1.py"
    },
    {
      "iteration": 2,
      "metrics": {
        "avg_return": -21.0,
        "avg_player_score": 0.0,
        "avg_enemy_score": 21.0,
        "win_rate": 0.0,
        "search_avg_return": -21.0,
        "search_avg_player_score": 0.0,
        "search_avg_enemy_score": 21.0,
        "search_win_rate": 0.0
      },
      "best_params": {
        "approach_bias": 0.13831597566604614,
        "dead_zone": 2.4264297485351562,
        "fire_threshold": 39.8477783203125,
        "intercept_scale": 14.781413078308105,
        "offset_bias": -0.11236556619405746
      },
      "filepath": "scripts\\llm_optimization\\unified_prompt_main\\pong\\policy_v2.py"
    },
    {
      "iteration": 3,
      "metrics": {
        "avg_return": 18.28125,
        "avg_player_score": 21.0,
        "avg_enemy_score": 2.71875,
        "win_rate": 1.0,
        "search_avg_return": 9.1875,
        "search_avg_player_score": 10.5,
        "search_avg_enemy_score": 1.3125,
        "search_win_rate": 1.0,
        "logger_metrics": {
          "win_rate": 0.8277216610549943,
          "points_won": 20.0,
          "points_lost": 4.333333333333333,
          "avg_ball_tracking_error": 20.516493959994513,
          "max_ball_tracking_error": 93.66666666666667,
          "total_paddle_movement": 16120.666666666666,
          "avg_paddle_movement": 1.9076007719048917,
          "paddle_jitter_count": 0.0,
          "avg_rally_length": 333.27356902356905,
          "max_rally_length": 572.6666666666666,
          "avg_reaction_time": 14.912411929742282,
          "interception_rate": 0.38879843535906305,
          "episode_length": 8455.666666666666
        }
      },
      "best_params": {
        "center_bias": 0.19441956281661987,
        "dead_zone": -3.4289588928222656,
        "fire_threshold": 43.32945251464844,
        "intercept_scale": 17.545351028442383,
        "offset_bias": -3.9426071643829346
      },
      "filepath": "scripts\\llm_optimization\\unified_prompt_main\\pong\\policy_v3.py"
    },
    {
      "iteration": 4,
      "metrics": {
        "avg_return": 18.28125,
        "avg_player_score": 20.96875,
        "avg_enemy_score": 2.6875,
        "win_rate": 1.0,
        "search_avg_return": 9.8125,
        "search_avg_player_score": 10.75,
        "search_avg_enemy_score": 0.9375,
        "search_win_rate": 1.0
      },
      "best_params": {
        "center_bias": 0.28827527165412903,
        "dead_zone": -3.4091978073120117,
        "fire_threshold": 43.35008239746094,
        "intercept_scale": 17.581520080566406,
        "offset_bias": -3.905565023422241
      },
      "filepath": "scripts\\llm_optimization\\unified_prompt_main\\pong\\policy_v4.py"
    }
  ],
  "best_policy_path": "scripts\\llm_optimization\\unified_prompt_main\\pong\\policy_v3.py"
}