{
  "best_score": 2159.375,
  "seed": 9602,
  "config": {
    "llm_provider": "anthropic",
    "llm_model": "claude-opus-4-7",
    "api_key": "<redacted>",
    "max_tokens": 8192,
    "temperature": 0.7,
    "num_parallel_envs": 8,
    "max_steps_per_episode": 4000,
    "num_eval_episodes": 16,
    "frame_stack_size": 0,
    "search_max_steps": 2000,
    "optimizer": "cma-es",
    "num_param_samples": 16,
    "param_perturbation_scale": 0.3,
    "cma_es_generations": 4,
    "max_iterations": 5,
    "target_score": 1000000000.0,
    "diagnostic_refinement": true,
    "resume_from_results": false,
    "resume_best_params_for_cma": true,
    "refresh_resume_metrics": true,
    "stop_on_strong_best": false,
    "output_dir": "scripts\\llm_optimization\\runs\\unified_suite\\unified_opus_strictapi_20260426_180133\\asterix",
    "verbose": true,
    "save_intermediate": true,
    "seed": 9602
  },
  "runtime": {
    "timestamp": "2026-04-26 19:02:44",
    "python_version": "3.12.8 (tags/v3.12.8:2dc476b, Dec  3 2024, 19:30:04) [MSC v.1942 64 bit (AMD64)]",
    "platform": "Windows-11-10.0.26200-SP0",
    "numpy_version": "1.26.4",
    "jax_version": "0.6.0",
    "git_commit": "0e949a9cca8e23eacac343f1c2272d333138b19f"
  },
  "best_params": {
    "danger_range": 45.06932067871094,
    "danger_thresh": 0.7191081047058105,
    "intercept_w": 0.3943134546279907,
    "lane_dist_w": 0.8199716806411743,
    "stay_bias": 0.9223688840866089,
    "transit_margin": 7.981356143951416,
    "value_w": 1.32636559009552
  },
  "best_metrics": {
    "avg_return": 2159.375,
    "avg_player_score": 2159.375,
    "avg_enemy_score": 0.0,
    "win_rate": 1.0,
    "total_rewards": [
      2100.0,
      2400.0,
      2050.0,
      2200.0,
      2250.0,
      2050.0,
      2050.0,
      2200.0,
      2150.0,
      2150.0,
      2200.0,
      2400.0,
      2200.0,
      2150.0,
      2000.0,
      2000.0
    ],
    "player_scores": [
      2100.0,
      2400.0,
      2050.0,
      2200.0,
      2250.0,
      2050.0,
      2050.0,
      2200.0,
      2150.0,
      2150.0,
      2200.0,
      2400.0,
      2200.0,
      2150.0,
      2000.0,
      2000.0
    ],
    "enemy_scores": [
      0.0,
      0.0,
      0.0,
      0.0,
      0.0,
      0.0,
      0.0,
      0.0,
      0.0,
      0.0,
      0.0,
      0.0,
      0.0,
      0.0,
      0.0,
      0.0
    ],
    "search_avg_return": 1200.0,
    "search_avg_player_score": 1200.0,
    "search_avg_enemy_score": 0.0,
    "search_win_rate": 1.0,
    "logger_metrics": {
      "final_score": 2100.0,
      "lives_remaining": 3.0,
      "hits_taken": 0.0,
      "terminal_game_over": 0.0,
      "item_pickups": 42.0,
      "item_pickup_rate_per_1000": 10.5,
      "score_rate_per_1000": 525.0,
      "hit_rate_per_1000": 0.0,
      "hit_diagonal_fraction": 0.0,
      "hit_horizontal_fraction": 0.0,
      "respawn_rate": 0.0,
      "episode_length": 4000.0,
      "avg_collectibles_visible": 0.4759166666666667,
      "avg_hit_lane_index": 0.0,
      "avg_hit_enemy_gap": NaN,
      "topmost_stage_index": 0.0,
      "bottommost_stage_index": 7.0,
      "max_stage_reached": 7.0,
      "avg_stage_index": 3.85075,
      "min_y_reached": 27.0,
      "noop_rate": 0.0,
      "vertical_rate": 0.0,
      "horizontal_rate": 0.8756666666666666,
      "diagonal_rate": 0.12433333333333334
    }
  },
  "history": [
    {
      "iteration": 1,
      "metrics": {
        "avg_return": 906.25,
        "avg_player_score": 906.25,
        "avg_enemy_score": 0.0,
        "win_rate": 1.0,
        "search_avg_return": 1012.5,
        "search_avg_player_score": 1012.5,
        "search_avg_enemy_score": 0.0,
        "search_win_rate": 1.0,
        "logger_metrics": {
          "final_score": 1416.6666666666667,
          "lives_remaining": 0.6666666666666666,
          "hits_taken": 2.3333333333333335,
          "terminal_game_over": 0.6666666666666666,
          "item_pickups": 28.333333333333332,
          "item_pickup_rate_per_1000": 9.521724015705942,
          "score_rate_per_1000": 476.0862007852971,
          "hit_rate_per_1000": 0.9624334514303251,
          "hit_diagonal_fraction": 1.0,
          "hit_horizontal_fraction": 0.0,
          "respawn_rate": 0.08032800944775935,
          "episode_length": 2903.0,
          "avg_collectibles_visible": 0.5182315767634803,
          "avg_hit_lane_index": 3.0,
          "avg_hit_enemy_gap": 16.0,
          "topmost_stage_index": 0.0,
          "bottommost_stage_index": 7.0,
          "max_stage_reached": 7.0,
          "avg_stage_index": 3.5696891151450028,
          "min_y_reached": 27.0,
          "noop_rate": 0.0,
          "vertical_rate": 0.0,
          "horizontal_rate": 0.82428989354718,
          "diagonal_rate": 0.17571010645282015
        }
      },
      "best_params": {
        "danger_range": 39.65941619873047,
        "danger_thresh": 0.22034329175949097,
        "danger_w": 1.3349175453186035,
        "intercept_w": 0.3977639973163605,
        "lane_dist_w": 19.776168823242188,
        "switch_bias": 4.901910781860352,
        "value_w": 1.3855586051940918
      },
      "filepath": "scripts\\llm_optimization\\runs\\unified_suite\\unified_opus_strictapi_20260426_180133\\asterix\\policy_v1.py"
    },
    {
      "iteration": 2,
      "metrics": {
        "avg_return": 1428.125,
        "avg_player_score": 1428.125,
        "avg_enemy_score": 0.0,
        "win_rate": 1.0,
        "search_avg_return": 1056.25,
        "search_avg_player_score": 1056.25,
        "search_avg_enemy_score": 0.0,
        "search_win_rate": 1.0,
        "logger_metrics": {
          "final_score": 1350.0,
          "lives_remaining": 0.3333333333333333,
          "hits_taken": 2.6666666666666665,
          "terminal_game_over": 0.6666666666666666,
          "item_pickups": 27.0,
          "item_pickup_rate_per_1000": 9.64008109871957,
          "score_rate_per_1000": 482.0040549359785,
          "hit_rate_per_1000": 1.2187439678231378,
          "hit_diagonal_fraction": 0.7777777777777777,
          "hit_horizontal_fraction": 0.2222222222222222,
          "respawn_rate": 0.10416618409251767,
          "episode_length": 2668.6666666666665,
          "avg_collectibles_visible": 0.5292206128757349,
          "avg_hit_lane_index": 2.777777777777778,
          "avg_hit_enemy_gap": 11.888888888888888,
          "topmost_stage_index": 0.0,
          "bottommost_stage_index": 7.0,
          "max_stage_reached": 7.0,
          "avg_stage_index": 3.6221323195336823,
          "min_y_reached": 27.0,
          "noop_rate": 0.0,
          "vertical_rate": 0.0,
          "horizontal_rate": 0.816690571595401,
          "diagonal_rate": 0.18330942840459893
        }
      },
      "best_params": {
        "danger_range": 45.54530715942383,
        "danger_thresh": 0.8367139101028442,
        "intercept_w": 0.32081395387649536,
        "lane_dist_w": 1.0750274658203125,
        "stay_bias": 0.6197111010551453,
        "transit_margin": 7.679428577423096,
        "value_w": 1.0550029277801514
      },
      "filepath": "scripts\\llm_optimization\\runs\\unified_suite\\unified_opus_strictapi_20260426_180133\\asterix\\policy_v2.py"
    },
    {
      "iteration": 3,
      "metrics": {
        "avg_return": 2009.375,
        "avg_player_score": 2009.375,
        "avg_enemy_score": 0.0,
        "win_rate": 1.0,
        "search_avg_return": 1225.0,
        "search_avg_player_score": 1225.0,
        "search_avg_enemy_score": 0.0,
        "search_win_rate": 1.0,
        "logger_metrics": {
          "final_score": 2166.6666666666665,
          "lives_remaining": 3.0,
          "hits_taken": 0.0,
          "terminal_game_over": 0.0,
          "item_pickups": 43.333333333333336,
          "item_pickup_rate_per_1000": 10.833333333333334,
          "score_rate_per_1000": 541.6666666666666,
          "hit_rate_per_1000": 0.0,
          "hit_diagonal_fraction": 0.0,
          "hit_horizontal_fraction": 0.0,
          "respawn_rate": 0.0,