{
  "best_score": -3538.4375,
  "seed": 20260427,
  "config": {
    "llm_provider": "anthropic",
    "llm_model": "claude-opus-4-7",
    "api_key": "<redacted>",
    "max_tokens": 8192,
    "temperature": null,
    "num_parallel_envs": 8,
    "max_steps_per_episode": 10000,
    "num_eval_episodes": 16,
    "frame_stack_size": 0,
    "search_max_steps": 10000,
    "optimizer": "cma-es",
    "num_param_samples": 16,
    "param_perturbation_scale": 0.3,
    "cma_es_generations": 5,
    "max_iterations": 5,
    "target_score": 0.0,
    "diagnostic_refinement": true,
    "resume_from_results": false,
    "resume_best_params_for_cma": true,
    "refresh_resume_metrics": true,
    "stop_on_strong_best": false,
    "output_dir": "scripts\\llm_optimization\\runs\\single_game\\skiing_10000_corrected_20260427_1555",
    "verbose": true,
    "save_intermediate": true,
    "seed": 20260427
  },
  "runtime": {
    "timestamp": "2026-04-27 16:29:35",
    "python_version": "3.12.8 (tags/v3.12.8:2dc476b, Dec  3 2024, 19:30:04) [MSC v.1942 64 bit (AMD64)]",
    "platform": "Windows-11-10.0.26200-SP0",
    "numpy_version": "1.26.4",
    "jax_version": "0.6.0",
    "git_commit": "0e949a9cca8e23eacac343f1c2272d333138b19f"
  },
  "best_params": {
    "dead_zone": 7.139161109924316,
    "ori_dead": 0.568771481513977,
    "steer_gain": 0.07937626540660858,
    "tree_danger_x": 19.85657501220703,
    "tree_danger_y": 20.838855743408203,
    "tuck_thresh": 3.619245767593384
  },
  "best_metrics": {
    "avg_return": -3538.4375,
    "avg_player_score": -3538.4375,
    "avg_enemy_score": 0.0,
    "win_rate": 0.0,
    "total_rewards": [
      -3528.0,
      -3540.0,
      -3516.0,
      -3550.0,
      -3555.0,
      -3520.0,
      -3546.0,
      -3532.0,
      -3550.0,
      -3537.0,
      -3560.0,
      -3551.0,
      -3516.0,
      -3533.0,
      -3548.0,
      -3533.0
    ],
    "player_scores": [
      -3528.0,
      -3540.0,
      -3516.0,
      -3550.0,
      -3555.0,
      -3520.0,
      -3546.0,
      -3532.0,
      -3550.0,
      -3537.0,
      -3560.0,
      -3551.0,
      -3516.0,
      -3533.0,
      -3548.0,
      -3533.0
    ],
    "enemy_scores": [
      0.0,
      0.0,
      0.0,
      0.0,
      0.0,
      0.0,
      0.0,
      0.0,
      0.0,
      0.0,
      0.0,
      0.0,
      0.0,
      0.0,
      0.0,
      0.0
    ],
    "search_avg_return": -3535.0,
    "search_avg_player_score": -3535.0,
    "search_avg_enemy_score": 0.0,
    "search_win_rate": 0.0,
    "logger_metrics": {
      "gates_passed": 20.0,
      "missed_gates": 0.0,
      "gates_seen": 19.0,
      "gate_pass_rate": 1.0,
      "collision_count": 0.0,
      "tree_collisions": 0.0,
      "mogul_collisions": 0.0,
      "flag_collisions": 0.0,
      "average_gate_center_error": 8.771150557711925,
      "average_speed_y": 1.1847291464490801,
      "reward_total": -13541.333333333334,
      "noop_rate": 0.9274093192211789,
      "right_action_rate": 0.01724704946680153,
      "left_action_rate": 0.015049753340479179,
      "fire_action_rate": 0.0,
      "down_action_rate": 0.040293877971540354,
      "turn_rate": 0.03229680280728071,
      "average_steps": 2126.0
    }
  },
  "history": [
    {
      "iteration": 1,
      "metrics": {
        "avg_return": -3538.4375,
        "avg_player_score": -3538.4375,
        "avg_enemy_score": 0.0,
        "win_rate": 0.0,
        "search_avg_return": -3535.0,
        "search_avg_player_score": -3535.0,
        "search_avg_enemy_score": 0.0,
        "search_win_rate": 0.0,
        "logger_metrics": {
          "gates_passed": 20.0,
          "missed_gates": 0.0,
          "gates_seen": 19.0,
          "gate_pass_rate": 1.0,
          "collision_count": 0.0,
          "tree_collisions": 0.0,
          "mogul_collisions": 0.0,
          "flag_collisions": 0.0,
          "average_gate_center_error": 8.771150557711925,
          "average_speed_y": 1.1847291464490801,
          "reward_total": -13541.333333333334,
          "noop_rate": 0.9274093192211789,
          "right_action_rate": 0.01724704946680153,
          "left_action_rate": 0.015049753340479179,
          "fire_action_rate": 0.0,
          "down_action_rate": 0.040293877971540354,
          "turn_rate": 0.03229680280728071,
          "average_steps": 2126.0
        }
      },
      "best_params": {
        "dead_zone": 7.139161109924316,
        "ori_dead": 0.568771481513977,
        "steer_gain": 0.07937626540660858,
        "tree_danger_x": 19.85657501220703,
        "tree_danger_y": 20.838855743408203,
        "tuck_thresh": 3.619245767593384
      },
      "filepath": "scripts\\llm_optimization\\runs\\single_game\\skiing_10000_corrected_20260427_1555\\policy_v1.py"
    },
    {
      "iteration": 2,
      "metrics": {
        "avg_return": -9001.125,
        "avg_player_score": -9001.125,
        "avg_enemy_score": 0.0,
        "win_rate": 0.0,
        "search_avg_return": -8934.5,
        "search_avg_player_score": -8934.5,
        "search_avg_enemy_score": 0.0,
        "search_win_rate": 0.0
      },
      "best_params": {
        "far_dx_tol": 14.209922790527344,
        "ori_dead": 1.0512912273406982,
        "steer_gain": 0.6339221000671387,
        "tree_danger_x": 21.868642807006836,
        "tree_danger_y": 19.64754295349121,
        "urgency_y": 25.379783630371094
      },
      "filepath": "scripts\\llm_optimization\\runs\\single_game\\skiing_10000_corrected_20260427_1555\\policy_v2.py"
    },
    {
      "iteration": 3,
      "metrics": {
        "avg_return": -8092.375,
        "avg_player_score": -8092.375,
        "avg_enemy_score": 0.0,
        "win_rate": 0.0,
        "search_avg_return": -7950.5,
        "search_avg_player_score": -7950.5,
        "search_avg_enemy_score": 0.0,
        "search_win_rate": 0.0
      },
      "best_params": {
        "dead_zone": 5.998849391937256,
        "far_gate_dy": 30.52202796936035,
        "ori_dead": 0.34990954399108887,
        "steer_gain": 0.09464949369430542,
        "tree_danger_x": 20.230587005615234,
        "tree_danger_y": 20.034154891967773
      },
      "filepath": "scripts\\llm_optimization\\runs\\single_game\\skiing_10000_corrected_20260427_1555\\policy_v3.py"
    },
    {
      "iteration": 4,
      "metrics": {
        "avg_return": -3557.6875,
        "avg_player_score": -3557.6875,
        "avg_enemy_score": 0.0,
        "win_rate": 0.0,
        "search_avg_return": -3551.75,
        "search_avg_player_score": -3551.75,
        "search_avg_enemy_score": 0.0,
        "search_win_rate": 0.0
      },
      "best_params": {
        "dead_zone": 6.013933181762695,
        "ori_dead": 1.492504596710205,
        "steer_gain": 0.14693278074264526,
        "tree_danger_x": 19.27050018310547,
        "tree_danger_y": 22.493167877197266,
        "turn_commit": 0.7297277450561523
      },
      "filepath": "scripts\\llm_optimization\\runs\\single_game\\skiing_10000_corrected_20260427_1555\\policy_v4.py"
    },
    {
      "iteration": 5,
      "metrics": {
        "avg_return": -7324.25,
        "avg_player_score": -7324.25,
        "avg_enemy_score": 0.0,
        "win_rate": 0.0,
        "search_avg_return": -7030.875,
        "search_avg_player_score": -7030.875,
        "search_avg_enemy_score": 0.0,
        "search_win_rate": 0.0
      },
      "best_params": {
        "dead_zone": 10.040637969970703,
        "far_gate_y": 25.039186477661133,
        "ori_dead": 0.3913673758506775,
        "steer_gain": 0.08435004949569702,
        "tree_danger_x": 19.71209716796875,
        "tree_danger_y": 22.077009201049805
      },
      "filepath": "scripts\\llm_optimization\\runs\\single_game\\skiing_10000_corrected_20260427_1555\\policy_v5.py"
    }
  ],
  "best_policy_path": "scripts\\llm_optimization\\runs\\single_game\\skiing_10000_corrected_20260427_1555\\policy_v1.py"
}