{
  "game": "pong",
  "canonical_policy_path": "scripts\\llm_optimization\\runs\\best_10000_steps\\pong\\policy.py",
  "source_policy_path": "C:\\Users\\yuddh\\OneDrive\\Desktop\\Msc AI and ML\\SoSe 2025\\Practical Lab 2\\JAXAtari\\scripts\\llm_optimization\\runs\\unified_suite\\unified_opus_fixedpong_20260426_162534\\pong\\policy_v2.py",
  "source": "runs/unified_suite/unified_opus_fixedpong_20260426_162534",
  "avg_return_10000": 20.96875,
  "num_episodes": 32,
  "max_steps": 10000,
  "seed": 20260432,
  "best_params": {
    "aim_spike": 4.568622589111328,
    "dead_zone": 3.4150524139404297,
    "fire_dist": 40.14634704589844,
    "idle_track": 1.3169747591018677,
    "time_gain": 0.376800000667572
  },
  "avg_player_score_10000": 21.0,
  "avg_enemy_score_10000": 0.03125,
  "win_rate_10000": 1.0,
  "min_return_10000": 20.0,
  "max_return_10000": 21.0,
  "std_return_10000": 0.17399263633843817,
  "mean_per_1000_steps": 2.096875,
  "total_rewards_10000": [
    21.0,
    21.0,
    21.0,
    21.0,
    21.0,
    21.0,
    21.0,
    21.0,
    20.0,
    21.0,
    21.0,
    21.0,
    21.0,
    21.0,
    21.0,
    21.0,
    21.0,
    21.0,
    21.0,
    21.0,
    21.0,
    21.0,
    21.0,
    21.0,
    21.0,
    21.0,
    21.0,
    21.0,
    21.0,
    21.0,
    21.0,
    21.0
  ]
}