{
  "game": "freeway",
  "canonical_policy_path": "scripts\\llm_optimization\\runs\\best_10000_steps\\freeway\\policy.py",
  "source_policy_path": "C:\\Users\\yuddh\\OneDrive\\Desktop\\Msc AI and ML\\SoSe 2025\\Practical Lab 2\\JAXAtari\\scripts\\llm_optimization\\runs\\unified_suite\\unified_opus_freewayfix_notemp_20260426_195044\\freeway\\policy_v4.py",
  "source": "runs/unified_suite/unified_opus_freewayfix_notemp_20260426_195044",
  "avg_return_10000": 27.15625,
  "num_episodes": 32,
  "max_steps": 10000,
  "seed": 20260435,
  "best_params": {
    "gap_curr": 9.01960563659668,
    "gap_up": 5.1983723640441895,
    "horizon_mult": 1.1475268602371216,
    "lane_radius": 8.337834358215332,
    "lookahead": 6.571592330932617
  },
  "avg_player_score_10000": 27.15625,
  "avg_enemy_score_10000": 0.0,
  "win_rate_10000": 1.0,
  "min_return_10000": 24.0,
  "max_return_10000": 30.0,
  "std_return_10000": 1.5022769177152393,
  "mean_per_1000_steps": 2.715625,
  "total_rewards_10000": [
    29.0,
    27.0,
    25.0,
    27.0,
    28.0,
    29.0,
    27.0,
    28.0,
    27.0,
    24.0,
    26.0,
    29.0,
    25.0,
    24.0,
    27.0,
    27.0,
    30.0,
    28.0,
    27.0,
    29.0,
    25.0,
    26.0,
    29.0,
    27.0,
    29.0,
    28.0,
    28.0,
    26.0,
    27.0,
    28.0,
    27.0,
    26.0
  ]
}