{
  "best_score": 200.0,
  "seed": 20260480,
  "config": {
    "llm_provider": "anthropic",
    "llm_model": "claude-opus-4-7",
    "api_key": "<redacted>",
    "max_tokens": 8192,
    "temperature": null,
    "num_parallel_envs": 8,
    "max_steps_per_episode": 4000,
    "num_eval_episodes": 8,
    "frame_stack_size": 0,
    "search_max_steps": 2000,
    "optimizer": "cma-es",
    "num_param_samples": 6,
    "param_perturbation_scale": 0.3,
    "cma_es_generations": 2,
    "max_iterations": 1,
    "target_score": 1000000000.0,
    "diagnostic_refinement": true,
    "resume_from_results": true,
    "resume_best_params_for_cma": true,
    "refresh_resume_metrics": true,
    "stop_on_strong_best": false,
    "output_dir": "scripts/llm_optimization/runs/single_game/kangaroo_resume3_20260430_144102",
    "verbose": true,
    "save_intermediate": true,
    "seed": 20260480
  },
  "runtime": {
    "timestamp": "2026-04-30 14:46:39",
    "python_version": "3.12.7 (v3.12.7:0b05ead877f, Sep 30 2024, 23:18:00) [Clang 13.0.0 (clang-1300.0.29.30)]",
    "platform": "macOS-26.2-arm64-arm-64bit",
    "numpy_version": "2.4.4",
    "jax_version": "0.10.0",
    "git_commit": "4a89eee554f2005fdb40a0c1292a3ba80bc87ffe"
  },
  "best_params": {
    "align_tol": 6.084083080291748,
    "danger_r": 18.24340057373047,
    "height_weight": 1.118639349937439,
    "on_pad": 3.2498843669891357,
    "punch_dx": 19.512571334838867,
    "reach_tol": 15.497392654418945,
    "reach_up": 28.213350296020508
  },
  "best_metrics": {
    "avg_return": 200.0,
    "avg_player_score": 200.0,
    "avg_enemy_score": 0.0,
    "win_rate": 1.0,
    "total_rewards": [
      200.0,
      200.0,
      200.0,
      200.0,
      200.0,
      200.0,
      200.0,
      200.0
    ],
    "player_scores": [
      200.0,
      200.0,
      200.0,
      200.0,
      200.0,
      200.0,
      200.0,
      200.0
    ],
    "enemy_scores": [
      0.0,
      0.0,
      0.0,
      0.0,
      0.0,
      0.0,
      0.0,
      0.0
    ],
    "logger_metrics": {
      "average_steps": 708.6666666666666,
      "reward_total": 200.0,
      "score_events": 1.0,
      "final_score": 200.0,
      "lives_lost": 1.0,
      "final_lives": 2.0,
      "min_player_y": 132.0,
      "final_player_y": 142.66666666666666,
      "max_upward_progress": 16.0,
      "net_upward_progress": 5.333333333333333,
      "x_range": 105.66666666666667,
      "y_range": 17.0,
      "up_action_rate": 0.30680745256713865,
      "horizontal_action_rate": 0.6931925474328614,
      "fire_action_rate": 0.05591703277473481,
      "down_action_rate": 0.0,
      "noop_rate": 0.0,
      "unique_action_count": 4.0,
      "climb_rate": 0.0688537869582827,
      "crash_rate": 0.00142830249008526,
      "up_only_failure": 0.0,
      "horizontal_only_failure": 0.0
    }
  },
  "history": [
    {
      "iteration": 1,
      "metrics": {
        "avg_return": 0.0,
        "avg_player_score": 0.0,
        "avg_enemy_score": 0.0,
        "win_rate": 0.0,
        "search_avg_return": 0.0,
        "search_avg_player_score": 0.0,
        "search_avg_enemy_score": 0.0,
        "search_win_rate": 0.0,
        "logger_metrics": {
          "average_steps": 805.6666666666666,
          "reward_total": 0.0,
          "score_events": 0.0,
          "final_score": 0.0,
          "lives_lost": 1.0,
          "final_lives": 2.0,
          "min_player_y": 124.0,
          "final_player_y": 124.0,
          "max_upward_progress": 24.0,
          "net_upward_progress": 24.0,
          "x_range": 105.0,
          "y_range": 24.0,
          "up_action_rate": 0.04716925221867687,
          "horizontal_action_rate": 0.9416590827821628,
          "fire_action_rate": 0.01117166499916031,
          "down_action_rate": 0.0,
          "noop_rate": 0.0,
          "unique_action_count": 4.0,
          "climb_rate": 0.6106502092922634,
          "crash_rate": 0.0012412961110178124,
          "up_only_failure": 0.0,
          "horizontal_only_failure": 0.0
        }
      },
      "best_params": {
        "danger_dx": 16.243370056152344,
        "danger_dy": 11.899015426635742,
        "ladder_align_tol": 4.331240653991699,
        "ladder_reach_tol": 12.086297988891602,
        "punch_dx": 14.023127555847168,
        "upward_bias": 7.188851833343506
      },
      "filepath": "scripts/llm_optimization/runs/unified_suite/kangaroo_smoke3_20260429_160438/kangaroo/policy_v1.py"
    },
    {
      "iteration": 2,
      "metrics": {
        "avg_return": 100.0,
        "avg_player_score": 100.0,
        "avg_enemy_score": 0.0,
        "win_rate": 0.5,
        "search_avg_return": 100.0,
        "search_avg_player_score": 100.0,
        "search_avg_enemy_score": 0.0,
        "search_win_rate": 0.5,
        "logger_metrics": {
          "average_steps": 810.6666666666666,
          "reward_total": 66.66666666666667,
          "score_events": 0.3333333333333333,
          "final_score": 66.66666666666667,
          "lives_lost": 1.0,
          "final_lives": 2.0,
          "min_player_y": 126.66666666666667,
          "final_player_y": 126.66666666666667,
          "max_upward_progress": 21.333333333333332,
          "net_upward_progress": 21.333333333333332,
          "x_range": 104.0,
          "y_range": 22.333333333333332,
          "up_action_rate": 0.21741856308836094,
          "horizontal_action_rate": 0.7773793560793062,
          "fire_action_rate": 0.02132829476111987,
          "down_action_rate": 0.0,
          "noop_rate": 0.005202080832332933,
          "unique_action_count": 4.666666666666667,
          "climb_rate": 0.33449004177292424,
          "crash_rate": 0.0012340540202500888,
          "up_only_failure": 0.0,
          "horizontal_only_failure": 0.0
        }
      },
      "best_params": {
        "danger_dx": 16.07745361328125,
        "danger_dy": 14.404595375061035,
        "ladder_align_tol": 5.05478048324585,
        "ladder_reach_tol": 14.1289644241333,
        "on_ladder_pad": 2.937248706817627,
        "punch_dx": 14.285454750061035,
        "upward_bias": 9.98212718963623
      },
      "filepath": "scripts/llm_optimization/runs/unified_suite/kangaroo_smoke3_20260429_160438/kangaroo/policy_v2.py"
    },
    {
      "iteration": 3,
      "metrics": {
        "avg_return": 200.0,
        "avg_player_score": 200.0,
        "avg_enemy_score": 0.0,
        "win_rate": 1.0,
        "search_avg_return": 200.0,
        "search_avg_player_score": 200.0,
        "search_avg_enemy_score": 0.0,
        "search_win_rate": 1.0,
        "logger_metrics": {
          "average_steps": 824.6666666666666,
          "reward_total": 200.0,
          "score_events": 1.0,
          "final_score": 200.0,
          "lives_lost": 1.0,
          "final_lives": 2.0,
          "min_player_y": 124.0,
          "final_player_y": 124.0,
          "max_upward_progress": 24.0,
          "net_upward_progress": 24.0,
          "x_range": 108.66666666666667,
          "y_range": 25.0,
          "up_action_rate": 0.2675208239334958,
          "horizontal_action_rate": 0.7324791760665041,
          "fire_action_rate": 0.10749570900865209,
          "down_action_rate": 0.0,
          "noop_rate": 0.0,
          "unique_action_count": 5.0,
          "climb_rate": 0.24086139021946643,
          "crash_rate": 0.0012127793780091608,
          "up_only_failure": 0.0,
          "horizontal_only_failure": 0.0
        }
      },
      "best_params": {
        "align_tol": 6.275921821594238,
        "danger_r": 18.219003677368164,
        "height_weight": 1.0577412843704224,
        "jump_gap": 21.940793991088867,
        "on_pad": 3.2228035926818848,
        "punch_dx": 19.80978012084961,
        "reach_tol": 15.669483184814453
      },
      "filepath": "scripts/llm_optimization/runs/single_game/kangaroo_resume3_20260430_144102/policy_v3.py"
    },
    {
      "iteration": 4,
      "metrics": {
        "avg_return": 0.0,
        "avg_player_score": 0.0,
        "avg_enemy_score": 0.0,