{
  "game": "asterix",
  "canonical_policy_path": "scripts\\llm_optimization\\runs\\best_10000_steps\\asterix\\policy.py",
  "source_policy_path": "C:\\Users\\yuddh\\OneDrive\\Desktop\\Msc AI and ML\\SoSe 2025\\Practical Lab 2\\JAXAtari\\scripts\\llm_optimization\\runs\\unified_suite\\unified_opus_strictapi_20260426_180133\\asterix\\policy_v5.py",
  "source": "runs/unified_suite/unified_opus_strictapi_20260426_180133",
  "avg_return_10000": 9850.0,
  "num_episodes": 32,
  "max_steps": 10000,
  "seed": 20260438,
  "best_params": {
    "danger_range": 45.06932067871094,
    "danger_thresh": 0.7191081047058105,
    "intercept_w": 0.3943134546279907,
    "lane_dist_w": 0.8199716806411743,
    "stay_bias": 0.9223688840866089,
    "transit_margin": 7.981356143951416,
    "value_w": 1.32636559009552
  },
  "avg_player_score_10000": 9850.0,
  "avg_enemy_score_10000": 0.0,
  "win_rate_10000": 1.0,
  "min_return_10000": 7300.0,
  "max_return_10000": 12300.0,
  "std_return_10000": 1154.3396380615195,
  "mean_per_1000_steps": 985.0,
  "total_rewards_10000": [
    9700.0,
    10100.0,
    12300.0,
    8500.0,
    9900.0,
    8100.0,
    11500.0,
    9100.0,
    10500.0,
    8700.0,
    10300.0,
    11100.0,
    9500.0,
    9900.0,
    10300.0,
    9100.0,
    9900.0,
    10500.0,
    9700.0,
    8700.0,
    8700.0,
    10100.0,
    10300.0,
    8300.0,
    12300.0,
    7300.0,
    9700.0,
    10700.0,
    10500.0,
    9900.0,
    8500.0,
    11500.0
  ]
}