{
  "best_score": 1065.625,
  "seed": 0,
  "config": {
    "llm_provider": "anthropic",
    "llm_model": "claude-sonnet-4-6",
    "api_key": "<redacted>",
    "max_tokens": 8192,
    "temperature": 0.7,
    "num_parallel_envs": 16,
    "max_steps_per_episode": 4000,
    "num_eval_episodes": 32,
    "frame_stack_size": 0,
    "search_max_steps": 2500,
    "optimizer": "cma-es",
    "num_param_samples": 32,
    "param_perturbation_scale": 0.3,
    "cma_es_generations": 8,
    "max_iterations": 4,
    "target_score": 1500.0,
    "output_dir": "scripts/llm_optimization/unified_prompt_main/asterix",
    "verbose": true,
    "save_intermediate": true,
    "seed": 0
  },
  "runtime": {
    "timestamp": "2026-04-07 20:03:54",
    "python_version": "3.12.8 (tags/v3.12.8:2dc476b, Dec  3 2024, 19:30:04) [MSC v.1942 64 bit (AMD64)]",
    "platform": "Windows-11-10.0.26200-SP0",
    "numpy_version": "1.26.4",
    "jax_version": "0.6.0",
    "git_commit": "ad5eccac197ebf0ab1cd5b29638aab8b8cb93893"
  },
  "best_params": {
    "collect_weight": 2.4481351375579834,
    "danger_radius": 21.78997039794922,
    "danger_weight": 3.91030216217041,
    "dodge_margin": 14.721770286560059,
    "intercept_tol": 5.017319679260254,
    "lane_tol": 4.659937858581543,
    "proximity_bonus": 1.2658964395523071
  },
  "best_metrics": {
    "avg_return": 1065.625,
    "avg_player_score": 1065.625,
    "avg_enemy_score": 0.0,
    "win_rate": 1.0,
    "total_rewards": [
      800.0,
      1050.0,
      650.0,
      1350.0,
      700.0,
      1050.0,
      450.0,
      500.0,
      1600.0,
      950.0,
      1250.0,
      1900.0,
      1000.0,
      1550.0,
      1650.0,
      1800.0,
      1550.0,
      300.0,
      850.0,
      400.0,
      750.0,
      1350.0,
      900.0,
      1500.0,
      2000.0,
      600.0,
      1900.0,
      800.0,
      1300.0,
      650.0,
      750.0,
      250.0
    ],
    "player_scores": [
      800.0,
      1050.0,
      650.0,
      1350.0,
      700.0,
      1050.0,
      450.0,
      500.0,
      1600.0,
      950.0,
      1250.0,
      1900.0,
      1000.0,
      1550.0,
      1650.0,
      1800.0,
      1550.0,
      300.0,
      850.0,
      400.0,
      750.0,
      1350.0,
      900.0,
      1500.0,
      2000.0,
      600.0,
      1900.0,
      800.0,
      1300.0,
      650.0,
      750.0,
      250.0
    ],
    "enemy_scores": [
      0.0,
      0.0,
      0.0,
      0.0,
      0.0,
      0.0,
      0.0,
      0.0,
      0.0,
      0.0,
      0.0,
      0.0,
      0.0,
      0.0,
      0.0,
      0.0,
      0.0,
      0.0,
      0.0,
      0.0,
      0.0,
      0.0,
      0.0,
      0.0,
      0.0,
      0.0,
      0.0,
      0.0,
      0.0,
      0.0,
      0.0,
      0.0
    ],
    "search_avg_return": 1190.625,
    "search_avg_player_score": 1190.625,
    "search_avg_enemy_score": 0.0,
    "search_win_rate": 1.0,
    "logger_metrics": {
      "final_score": 1033.3333333333333,
      "lives_remaining": 2.3333333333333335,
      "hits_taken": 2.0,
      "item_pickups": 20.666666666666668,
      "respawn_rate": 0.13268605267240308,
      "episode_length": 2280.6666666666665,
      "avg_collectibles_visible": 0.36819400540036606,
      "max_stage_reached": 7.0,
      "avg_stage_index": 2.2710952096615142,
      "min_y_reached": 27.0,
      "noop_rate": 0.6072840721747162,
      "vertical_rate": 0.15955360141703437,
      "horizontal_rate": 0.09292439822049613,
      "diagonal_rate": 0.14023792818775324
    }
  },
  "history": [
    {
      "iteration": 1,
      "metrics": {
        "avg_return": 685.9375,
        "avg_player_score": 685.9375,
        "avg_enemy_score": 0.0,
        "win_rate": 1.0,
        "search_avg_return": 903.125,
        "search_avg_player_score": 903.125,
        "search_avg_enemy_score": 0.0,
        "search_win_rate": 1.0,
        "logger_metrics": {
          "final_score": 683.3333333333334,
          "lives_remaining": 3.0,
          "hits_taken": 2.0,
          "item_pickups": 13.666666666666666,
          "respawn_rate": 0.16612927804865124,
          "episode_length": 1493.3333333333333,
          "avg_collectibles_visible": 0.5603756245285784,
          "max_stage_reached": 7.0,
          "avg_stage_index": 2.04383761321721,
          "min_y_reached": 27.0,
          "noop_rate": 0.5651263352838396,
          "vertical_rate": 0.10411818637532054,
          "horizontal_rate": 0.1197063637378646,
          "diagonal_rate": 0.2110491146029753
        }
      },
      "best_params": {
        "collect_weight": 2.180429697036743,
        "danger_radius": 19.999298095703125,
        "danger_weight": 3.303952932357788,
        "dodge_margin": 11.61921501159668,
        "intercept_tol": 6.207614898681641,
        "lane_tol": 5.147185325622559
      },
      "filepath": "scripts\\llm_optimization\\unified_prompt_main\\asterix\\policy_v1.py"
    },
    {
      "iteration": 2,
      "metrics": {
        "avg_return": 1065.625,
        "avg_player_score": 1065.625,
        "avg_enemy_score": 0.0,
        "win_rate": 1.0,
        "search_avg_return": 1190.625,
        "search_avg_player_score": 1190.625,
        "search_avg_enemy_score": 0.0,
        "search_win_rate": 1.0,
        "logger_metrics": {
          "final_score": 1033.3333333333333,
          "lives_remaining": 2.3333333333333335,
          "hits_taken": 2.0,
          "item_pickups": 20.666666666666668,
          "respawn_rate": 0.13268605267240308,
          "episode_length": 2280.6666666666665,
          "avg_collectibles_visible": 0.36819400540036606,
          "max_stage_reached": 7.0,
          "avg_stage_index": 2.2710952096615142,
          "min_y_reached": 27.0,
          "noop_rate": 0.6072840721747162,
          "vertical_rate": 0.15955360141703437,
          "horizontal_rate": 0.09292439822049613,
          "diagonal_rate": 0.14023792818775324
        }
      },
      "best_params": {
        "collect_weight": 2.4481351375579834,
        "danger_radius": 21.78997039794922,
        "danger_weight": 3.91030216217041,
        "dodge_margin": 14.721770286560059,
        "intercept_tol": 5.017319679260254,
        "lane_tol": 4.659937858581543,
        "proximity_bonus": 1.2658964395523071
      },
      "filepath": "scripts\\llm_optimization\\unified_prompt_main\\asterix\\policy_v2.py"
    },
    {
      "iteration": 3,
      "metrics": {
        "avg_return": 578.125,
        "avg_player_score": 578.125,
        "avg_enemy_score": 0.0,
        "win_rate": 1.0,
        "search_avg_return": 900.0,
        "search_avg_player_score": 900.0,
        "search_avg_enemy_score": 0.0,
        "search_win_rate": 1.0
      },
      "best_params": {
        "collect_weight": 3.0302047729492188,
        "danger_radius": 18.210954666137695,
        "danger_weight": 4.744109630584717,
        "dodge_margin": 16.111696243286133,
        "intercept_tol": 3.8560523986816406,
        "lane_tol": 5.150502681732178,
        "proximity_bonus": 1.2542990446090698
      },
      "filepath": "scripts\\llm_optimization\\unified_prompt_main\\asterix\\policy_v3.py"
    },
    {
      "iteration": 4,
      "metrics": {
        "avg_return": 940.625,
        "avg_player_score": 940.625,
        "avg_enemy_score": 0.0,
        "win_rate": 1.0,
        "search_avg_return": 1253.125,
        "search_avg_player_score": 1253.125,
        "search_avg_enemy_score": 0.0,
        "search_win_rate": 1.0
      },
      "best_params": {
        "collect_weight": 2.771153688430786,
        "danger_radius": 21.837366104125977,
        "danger_weight": 4.32979679107666,
        "dodge_margin": 17.745159149169922,
        "intercept_tol": 5.109736442565918,
        "lane_tol": 5.13134765625,
        "proximity_bonus": 1.8555171489715576
      },
      "filepath": "scripts\\llm_optimization\\unified_prompt_main\\asterix\\policy_v4.py"
    }
  ],
  "best_policy_path": "scripts\\llm_optimization\\unified_prompt_main\\asterix\\policy_v2.py"
}