{
  "created_at": "2026-05-01 22:28:23",
  "policy_path": "scripts/llm_optimization/runs/single_game/kangaroo_20260501_211358_fresh_s20260501/policy_v2.py",
  "runtime": {
    "elapsed_seconds": 24.329233169555664,
    "python_version": "3.12.7",
    "platform": "macOS-26.2-arm64-arm-64bit",
    "jax_version": "0.10.0",
    "numpy_version": "2.4.4"
  },
  "evaluation_protocol": {
    "episodes": 32,
    "steps": 10000,
    "seed": 20260501,
    "frame_stack": 1
  },
  "metrics": {
    "avg_return": 93.75,
    "avg_player_score": 93.75,
    "avg_enemy_score": 0.0,
    "win_rate": 0.46875,
    "total_rewards": [
      200.0,
      200.0,
      0.0,
      200.0,
      0.0,
      200.0,
      200.0,
      0.0,
      0.0,
      200.0,
      0.0,
      0.0,
      0.0,
      0.0,
      0.0,
      0.0,
      200.0,
      200.0,
      0.0,
      0.0,
      0.0,
      200.0,
      0.0,
      0.0,
      200.0,
      200.0,
      0.0,
      200.0,
      200.0,
      200.0,
      0.0,
      200.0
    ],
    "player_scores": [
      200.0,
      200.0,
      0.0,
      200.0,
      0.0,
      200.0,
      200.0,
      0.0,
      0.0,
      200.0,
      0.0,
      0.0,
      0.0,
      0.0,
      0.0,
      0.0,
      200.0,
      200.0,
      0.0,
      0.0,
      0.0,
      200.0,
      0.0,
      0.0,
      200.0,
      200.0,
      0.0,
      200.0,
      200.0,
      200.0,
      0.0,
      200.0
    ],
    "enemy_scores": [
      0.0,
      0.0,
      0.0,
      0.0,
      0.0,
      0.0,
      0.0,
      0.0,
      0.0,
      0.0,
      0.0,
      0.0,
      0.0,
      0.0,
      0.0,
      0.0,
      0.0,
      0.0,
      0.0,
      0.0,
      0.0,
      0.0,
      0.0,
      0.0,
      0.0,
      0.0,
      0.0,
      0.0,
      0.0,
      0.0,
      0.0,
      0.0
    ]
  },
  "reward_summary": {
    "mean": 93.75,
    "std": 99.8044963916957,
    "min": 0.0,
    "max": 200.0,
    "p25": 0.0,
    "p50": 0.0,
    "p75": 200.0,
    "histogram": {
      "0": 17,
      "200": 15
    },
    "episodes_above_200": 0
  },
  "base_params": {
    "ladder_reach": 14.0,
    "ladder_align": 4.0,
    "top_dismount": 8.0,
    "punch_dx": 14.0,
    "danger_r": 20.0,
    "climb_hold": 8.0
  },
  "parameter_retune": null
}
