{
  "created_at": "2026-05-02 21:37:39",
  "policy_path": "scripts/llm_optimization/experiments/kangaroo/policy_shaped_v2_post200_guard.py",
  "runtime": {
    "elapsed_seconds": 24.87269401550293,
    "python_version": "3.12.7",
    "platform": "macOS-26.2-arm64-arm-64bit",
    "jax_version": "0.10.0",
    "numpy_version": "2.4.4"
  },
  "evaluation_protocol": {
    "episodes": 32,
    "steps": 10000,
    "seed": 20260501,
    "frame_stack": 1
  },
  "metrics": {
    "avg_return": 193.75,
    "optimization_score": 193.75,
    "objective_is_shaped": false,
    "shaped_upward_progress": 0.0,
    "shaped_score_events": 0.0,
    "shaped_no_fire_penalty": 0.0,
    "shaped_punch_farming_penalty": 0.0,
    "shaped_post_reward_bonus": 0.0,
    "avg_player_score": 193.75,
    "avg_enemy_score": 0.0,
    "win_rate": 0.96875,
    "total_rewards": [
      200.0,
      200.0,
      200.0,
      200.0,
      200.0,
      200.0,
      200.0,
      200.0,
      200.0,
      200.0,
      200.0,
      200.0,
      0.0,
      200.0,
      200.0,
      200.0,
      200.0,
      200.0,
      200.0,
      200.0,
      200.0,
      200.0,
      200.0,
      200.0,
      200.0,
      200.0,
      200.0,
      200.0,
      200.0,
      200.0,
      200.0,
      200.0
    ],
    "optimization_scores": [
      200.0,
      200.0,
      200.0,
      200.0,
      200.0,
      200.0,
      200.0,
      200.0,
      200.0,
      200.0,
      200.0,
      200.0,
      0.0,
      200.0,
      200.0,
      200.0,
      200.0,
      200.0,
      200.0,
      200.0,
      200.0,
      200.0,
      200.0,
      200.0,
      200.0,
      200.0,
      200.0,
      200.0,
      200.0,
      200.0,
      200.0,
      200.0
    ],
    "player_scores": [
      200.0,
      200.0,
      200.0,
      200.0,
      200.0,
      200.0,
      200.0,
      200.0,
      200.0,
      200.0,
      200.0,
      200.0,
      0.0,
      200.0,
      200.0,
      200.0,
      200.0,
      200.0,
      200.0,
      200.0,
      200.0,
      200.0,
      200.0,
      200.0,
      200.0,
      200.0,
      200.0,
      200.0,
      200.0,
      200.0,
      200.0,
      200.0
    ],
    "enemy_scores": [
      0.0,
      0.0,
      0.0,
      0.0,
      0.0,
      0.0,
      0.0,
      0.0,
      0.0,
      0.0,
      0.0,
      0.0,
      0.0,
      0.0,
      0.0,
      0.0,
      0.0,
      0.0,
      0.0,
      0.0,
      0.0,
      0.0,
      0.0,
      0.0,
      0.0,
      0.0,
      0.0,
      0.0,
      0.0,
      0.0,
      0.0,
      0.0
    ]
  },
  "reward_summary": {
    "mean": 193.75,
    "std": 34.79852726768764,
    "min": 0.0,
    "max": 200.0,
    "p25": 200.0,
    "p50": 200.0,
    "p75": 200.0,
    "histogram": {
      "0": 1,
      "200": 31
    },
    "episodes_above_200": 0
  },
  "base_params": {
    "reach_tol": 14.236533164978027,
    "align_tol": 4.5095696449279785,
    "top_tol": 7.8007354736328125,
    "punch_dx": 17.71430778503418,
    "punch_dy": 19.727657318115234,
    "danger_r": 19.939918518066406,
    "col_frac": 0.7089129090309143
  },
  "parameter_retune": null
}
