{
  "run_id": "kangaroo_resume_20260430_113346",
  "source_run": "kangaroo_smoke3_20260429_160438",
  "game": "kangaroo",
  "policy_path": "scripts/llm_optimization/runs/single_game/kangaroo_resume_20260430_113346/policy_v3.py",
  "seed": 20260480,
  "num_episodes": 16,
  "max_steps": 10000,
  "avg_return": 162.5,
  "avg_player_score": 162.5,
  "avg_enemy_score": 0.0,
  "win_rate": 0.8125,
  "reward_summary": {
    "mean": 162.5,
    "std": 78.06247497997998,
    "min": 0.0,
    "max": 200.0,
    "nonzero_episodes": 13
  },
  "total_rewards": [
    200.0,
    200.0,
    200.0,
    200.0,
    200.0,
    200.0,
    0.0,
    200.0,
    200.0,
    200.0,
    200.0,
    200.0,
    200.0,
    200.0,
    0.0,
    0.0
  ],
  "player_scores": [
    200.0,
    200.0,
    200.0,
    200.0,
    200.0,
    200.0,
    0.0,
    200.0,
    200.0,
    200.0,
    200.0,
    200.0,
    200.0,
    200.0,
    0.0,
    0.0
  ],
  "logged_num_episodes": 4,
  "logged_avg_reward": 200.0,
  "logged_total_rewards": [
    200.0,
    200.0,
    200.0,
    200.0
  ],
  "logged_aggregated_metrics": {
    "average_steps": 818.25,
    "reward_total": 200.0,
    "score_events": 1.0,
    "final_score": 200.0,
    "lives_lost": 1.0,
    "final_lives": 2.0,
    "min_player_y": 124.0,
    "final_player_y": 124.0,
    "max_upward_progress": 24.0,
    "net_upward_progress": 24.0,
    "x_range": 109.0,
    "y_range": 25.0,
    "up_action_rate": 0.26568577598131504,
    "horizontal_action_rate": 0.734314224018685,
    "fire_action_rate": 0.10686913105925903,
    "down_action_rate": 0.0,
    "noop_rate": 0.0,
    "unique_action_count": 5.0,
    "climb_rate": 0.23923296865479338,
    "crash_rate": 0.0012222502995177255,
    "up_only_failure": 0.0,
    "horizontal_only_failure": 0.0
  },
  "elapsed_seconds": 57.741153955459595
}
