{
  "created_at": "2026-04-27 17:16:36",
  "manifest_path": "C:\\Users\\yuddh\\OneDrive\\Desktop\\Msc AI and ML\\SoSe 2025\\Practical Lab 2\\JAXAtari\\scripts\\llm_optimization\\runs\\best_10000_steps\\manifest.json",
  "protocol": {
    "num_episodes": 32,
    "max_steps": 10000,
    "seed": 20260450,
    "use_manifest_seeds": true
  },
  "runtime": {
    "elapsed_seconds": 51.79318118095398,
    "python_version": "3.12.8",
    "platform": "Windows-11-10.0.26200-SP0",
    "jax_version": "0.6.0",
    "numpy_version": "1.26.4"
  },
  "results": [
    {
      "game": "asterix",
      "policy_path": "C:\\Users\\yuddh\\OneDrive\\Desktop\\Msc AI and ML\\SoSe 2025\\Practical Lab 2\\JAXAtari\\scripts\\llm_optimization\\runs\\best_10000_steps\\asterix\\policy.py",
      "seed": 20260438,
      "num_episodes": 32,
      "max_steps": 10000,
      "stored_avg_return": 9850.0,
      "observed_avg_return": 9850.0,
      "delta_vs_stored": 0.0,
      "avg_player_score": 9850.0,
      "avg_enemy_score": 0.0,
      "win_rate": 1.0,
      "reward_summary": {
        "mean": 9850.0,
        "std": 1154.3396380615195,
        "min": 7300.0,
        "max": 12300.0
      },
      "total_rewards": [
        9700.0,
        10100.0,
        12300.0,
        8500.0,
        9900.0,
        8100.0,
        11500.0,
        9100.0,
        10500.0,
        8700.0,
        10300.0,
        11100.0,
        9500.0,
        9900.0,
        10300.0,
        9100.0,
        9900.0,
        10500.0,
        9700.0,
        8700.0,
        8700.0,
        10100.0,
        10300.0,
        8300.0,
        12300.0,
        7300.0,
        9700.0,
        10700.0,
        10500.0,
        9900.0,
        8500.0,
        11500.0
      ],
      "objective_note": ""
    },
    {
      "game": "breakout",
      "policy_path": "C:\\Users\\yuddh\\OneDrive\\Desktop\\Msc AI and ML\\SoSe 2025\\Practical Lab 2\\JAXAtari\\scripts\\llm_optimization\\runs\\best_10000_steps\\breakout\\policy.py",
      "seed": 20260434,
      "num_episodes": 32,
      "max_steps": 10000,
      "stored_avg_return": 205.8125,
      "observed_avg_return": 205.8125,
      "delta_vs_stored": 0.0,
      "avg_player_score": 205.8125,
      "avg_enemy_score": 0.0,
      "win_rate": 1.0,
      "reward_summary": {
        "mean": 205.8125,
        "std": 158.05051358268344,
        "min": 11.0,
        "max": 428.0
      },
      "total_rewards": [
        411.0,
        235.0,
        55.0,
        334.0,
        19.0,
        58.0,
        28.0,
        109.0,
        71.0,
        11.0,
        410.0,
        24.0,
        414.0,
        113.0,
        83.0,
        410.0,
        225.0,
        421.0,
        403.0,
        411.0,
        13.0,
        325.0,
        124.0,
        57.0,
        124.0,
        24.0,
        276.0,
        62.0,
        410.0,
        428.0,
        172.0,
        326.0
      ],
      "objective_note": ""
    },
    {
      "game": "freeway",
      "policy_path": "C:\\Users\\yuddh\\OneDrive\\Desktop\\Msc AI and ML\\SoSe 2025\\Practical Lab 2\\JAXAtari\\scripts\\llm_optimization\\runs\\best_10000_steps\\freeway\\policy.py",
      "seed": 20260435,
      "num_episodes": 32,
      "max_steps": 10000,
      "stored_avg_return": 27.15625,
      "observed_avg_return": 27.15625,
      "delta_vs_stored": 0.0,
      "avg_player_score": 27.15625,
      "avg_enemy_score": 0.0,
      "win_rate": 1.0,
      "reward_summary": {
        "mean": 27.15625,
        "std": 1.5022769177152393,
        "min": 24.0,
        "max": 30.0
      },
      "total_rewards": [
        29.0,
        27.0,
        25.0,
        27.0,
        28.0,
        29.0,
        27.0,
        28.0,
        27.0,
        24.0,
        26.0,
        29.0,
        25.0,
        24.0,
        27.0,
        27.0,
        30.0,
        28.0,
        27.0,
        29.0,
        25.0,
        26.0,
        29.0,
        27.0,
        29.0,
        28.0,
        28.0,
        26.0,
        27.0,
        28.0,
        27.0,
        26.0
      ],
      "objective_note": ""
    },
    {
      "game": "pong",
      "policy_path": "C:\\Users\\yuddh\\OneDrive\\Desktop\\Msc AI and ML\\SoSe 2025\\Practical Lab 2\\JAXAtari\\scripts\\llm_optimization\\runs\\best_10000_steps\\pong\\policy.py",
      "seed": 20260432,
      "num_episodes": 32,
      "max_steps": 10000,
      "stored_avg_return": 20.96875,
      "observed_avg_return": 20.96875,
      "delta_vs_stored": 0.0,
      "avg_player_score": 21.0,
      "avg_enemy_score": 0.03125,
      "win_rate": 1.0,
      "reward_summary": {
        "mean": 20.96875,
        "std": 0.17399263633843817,
        "min": 20.0,
        "max": 21.0
      },
      "total_rewards": [
        21.0,
        21.0,
        21.0,
        21.0,
        21.0,
        21.0,
        21.0,
        21.0,
        20.0,
        21.0,
        21.0,
        21.0,
        21.0,
        21.0,
        21.0,
        21.0,
        21.0,
        21.0,
        21.0,
        21.0,
        21.0,
        21.0,
        21.0,
        21.0,
        21.0,
        21.0,
        21.0,
        21.0,
        21.0,
        21.0,
        21.0,
        21.0
      ],
      "objective_note": ""
    },
    {
      "game": "skiing",
      "policy_path": "C:\\Users\\yuddh\\OneDrive\\Desktop\\Msc AI and ML\\SoSe 2025\\Practical Lab 2\\JAXAtari\\scripts\\llm_optimization\\runs\\best_10000_steps\\skiing\\policy.py",
      "seed": 20260439,
      "num_episodes": 32,
      "max_steps": 10000,
      "stored_avg_return": -3537.875,
      "observed_avg_return": -3537.875,
      "delta_vs_stored": 0.0,
      "avg_player_score": -3537.875,
      "avg_enemy_score": 0.0,
      "win_rate": 0.0,
      "reward_summary": {
        "mean": -3537.875,
        "std": 15.078440735036233,
        "min": -3565.0,
        "max": -3515.0
      },
      "total_rewards": [
        -3560.0,
        -3518.0,
        -3545.0,
        -3536.0,
        -3540.0,
        -3545.0,
        -3516.0,
        -3528.0,
        -3533.0,
        -3562.0,
        -3533.0,
        -3558.0,
        -3518.0,
        -3527.0,
        -3561.0,
        -3545.0,
        -3518.0,
        -3532.0,
        -3533.0,
        -3550.0,
        -3526.0,
        -3518.0,
        -3548.0,
        -3565.0,
        -3545.0,
        -3515.0,
        -3556.0,
        -3530.0,
        -3530.0,
        -3525.0,
        -3558.0,
        -3538.0
      ],
      "objective_note": "Optimizer-facing Skiing score corrects the local env terminal reward to penalize missed gates, while leaving JAXAtari game code unchanged."
    }
  ]
}
