{
  "run_id": "kangaroo_resume2_20260430_141111",
  "source_run": "kangaroo_resume_20260430_113346",
  "game": "kangaroo",
  "policy_path": "scripts/llm_optimization/runs/single_game/kangaroo_resume2_20260430_141111/policy_v6.py",
  "seed": 20260480,
  "num_episodes": 16,
  "max_steps": 10000,
  "avg_return": 200.0,
  "avg_player_score": 200.0,
  "avg_enemy_score": 0.0,
  "win_rate": 1.0,
  "reward_summary": {
    "mean": 200.0,
    "std": 0.0,
    "min": 200.0,
    "max": 200.0,
    "nonzero_episodes": 16
  },
  "total_rewards": [
    200.0,
    200.0,
    200.0,
    200.0,
    200.0,
    200.0,
    200.0,
    200.0,
    200.0,
    200.0,
    200.0,
    200.0,
    200.0,
    200.0,
    200.0,
    200.0
  ],
  "player_scores": [
    200.0,
    200.0,
    200.0,
    200.0,
    200.0,
    200.0,
    200.0,
    200.0,
    200.0,
    200.0,
    200.0,
    200.0,
    200.0,
    200.0,
    200.0,
    200.0
  ],
  "logged_num_episodes": 4,
  "logged_avg_reward": 200.0,
  "logged_total_rewards": [
    200.0,
    200.0,
    200.0,
    200.0
  ],
  "logged_aggregated_metrics": {
    "average_steps": 776.25,
    "reward_total": 200.0,
    "score_events": 1.0,
    "final_score": 200.0,
    "lives_lost": 1.0,
    "final_lives": 2.0,
    "min_player_y": 132.0,
    "final_player_y": 136.0,
    "max_upward_progress": 16.0,
    "net_upward_progress": 12.0,
    "x_range": 107.25,
    "y_range": 17.0,
    "up_action_rate": 0.27910706393186624,
    "horizontal_action_rate": 0.7208929360681338,
    "fire_action_rate": 0.08989892202762619,
    "down_action_rate": 0.0,
    "noop_rate": 0.0,
    "unique_action_count": 4.0,
    "climb_rate": 0.1774626038348956,
    "crash_rate": 0.0013011463146960218,
    "up_only_failure": 0.0,
    "horizontal_only_failure": 0.0
  },
  "elapsed_seconds": 63.522335052490234
}
